method,epoch,learning_rate,train_accuracy,validation_accuracy,train_loss,known_ce,classifier_boundary_loss,data_placeholder_loss,mean_mix_lambda,different_class_pairs
proser,1,0.001,0.9996222222222222,0.9488,0.5863338238136335,0.08118366987136225,0.20268064480147918,3.024695058099248,0.4996301186355678,1.0
proser,2,0.0009990133642141358,0.9999555555555556,0.952,0.32534539741887286,0.10616894904524088,0.017268353686879644,2.0190809152343054,0.5011249990625815,1.0
proser,3,0.000996057350657239,0.9997777777777778,0.948,0.3043718436224894,0.10254797726784917,0.013614704319148917,1.8820915963839402,0.5015290669080886,1.0
proser,4,0.0009911436253643444,0.9995111111111111,0.9364,0.2771031688898802,0.10297884555025534,0.01468716957341795,1.5943715013563633,0.4989462136714296,1.0
proser,5,0.0009842915805643156,0.9994444444444445,0.9262,0.1995402144860815,0.08797225138087841,0.018906079618979922,0.9266188181936741,0.5014841605655171,1.0
proser,6,0.0009755282581475769,0.9993777777777778,0.9368,0.10265922172799367,0.05185311130480841,0.020348092234185475,0.3045801760586487,0.5003370928832076,1.0
proser,7,0.0009648882429441258,0.9993333333333333,0.9388,0.06923871144483035,0.03635578586413017,0.017664446207080884,0.15218478815884076,0.5002720482139424,1.0
proser,8,0.0009524135262330099,0.9995777777777778,0.9342,0.05628618833989921,0.029822219456863506,0.014927568305707113,0.11536400115371427,0.4999145276167176,1.0
proser,9,0.0009381533400219318,0.9997111111111111,0.935,0.04720687435474247,0.025288213871218348,0.01360529541852884,0.08313364949373697,0.4999255510047078,1.0
proser,10,0.0009221639627510075,0.9996666666666667,0.9394,0.04153776734495874,0.022268206748942084,0.012060230933870613,0.07209329688074914,0.5002986080097881,1.0
proser,11,0.0009045084971874736,0.9997777777777778,0.9384,0.03954299598593603,0.021219330685033292,0.011379238605679182,0.06944426738614724,0.5016269987787713,1.0
proser,12,0.0008852566213878945,0.9997555555555555,0.942,0.03499986828220161,0.01897150003192523,0.010326771875208413,0.05701596199915829,0.4995660894465717,1.0
proser,13,0.0008644843137107056,0.9997555555555555,0.9382,0.031963215024337514,0.01716058092345272,0.009369497836980207,0.05433136195113713,0.501640327105468,1.0
proser,14,0.0008422735529643443,0.9998222222222222,0.94,0.03114758713424883,0.017248705934352158,0.009168710574158467,0.0473017059054903,0.5002534244717523,1.0
proser,15,0.0008187119948743448,0.9997333333333334,0.9376,0.02883480732932433,0.015767924568287774,0.008635975391371176,0.044309072926725174,0.5001574360172857,1.0
proser,16,0.0007938926261462366,0.9997555555555555,0.9342,0.026977787812938914,0.01480715817491397,0.00831752594570968,0.038531036661218175,0.5006971289827065,1.0
proser,17,0.0007679133974894982,0.9998,0.9412,0.0275901280190076,0.015668425120979504,0.008330595575071957,0.03591107324675911,0.49906563835049217,1.0
proser,18,0.0007408768370508576,0.9996888888888888,0.9378,0.024748263735091314,0.013485455451617863,0.007834022274023895,0.03428785896076905,0.5005897374993021,1.0
proser,19,0.0007128896457825362,0.9997555555555555,0.9432,0.022526011953066864,0.012336437362881208,0.0069922255709322844,0.03197348894636062,0.5012035933746533,1.0
proser,20,0.0006840622763423389,0.9998444444444444,0.9408,0.021735063105800444,0.01177426059836183,0.006904609090600967,0.030561933701392263,0.5002332310276952,1.0
proser,21,0.0006545084971874735,0.9998222222222222,0.9424,0.02341068109539761,0.01316258148224072,0.007298529356458775,0.029495702003425158,0.500745825977488,1.0
proser,22,0.0006243449435824271,0.9997333333333334,0.9422,0.021133422663710502,0.011675663664143278,0.0065578480022271506,0.028999109472021122,0.4986597335135395,1.0
proser,23,0.0005936906572928622,0.9998,0.9442,0.018946076843845236,0.010125565744105685,0.005989425047036176,0.028310859607617287,0.5029280099340461,1.0
proser,24,0.000562666616782152,0.9998,0.9442,0.018854692329610276,0.01023749094218312,0.005920247662950053,0.026969535493249583,0.5035902511497791,1.0
proser,25,0.0005313952597646566,0.9998666666666667,0.9422,0.019644284216073258,0.010847374269029719,0.006089552572203419,0.02707357359626754,0.5008262128315188,1.0
proser,26,0.0004999999999999998,0.9998666666666667,0.9422,0.016243598476814277,0.00862170848730867,0.00522506170818815,0.023968282414981248,0.5026652776551518,1.0
proser,27,0.00046860474023534314,0.9999111111111111,0.9424,0.016326936170860954,0.008767637313708705,0.005280656808860262,0.022786420156163247,0.499376016753641,1.0
proser,28,0.00043733338321784774,0.9999111111111111,0.9418,0.017143892240710557,0.009521307109521744,0.005398657566481482,0.022239275139079175,0.5001217426562851,1.0
proser,29,0.00040630934270713756,0.9998666666666667,0.9424,0.015609608895663934,0.008386553363710515,0.005009418874000072,0.022136366153559225,0.496416568078778,1.0
proser,30,0.00037565505641757246,0.9998888888888889,0.9426,0.015412388868174854,0.00828799317770807,0.00500796752815156,0.021164280918045817,0.49988459067588503,1.0
proser,31,0.00034549150281252633,0.9998888888888889,0.9404,0.014764587208364073,0.007912735206694131,0.004773405531357805,0.02078446386043321,0.4980796341022307,1.0
proser,32,0.00031593772365766105,0.9999333333333333,0.9436,0.014278226795299402,0.007603200089678549,0.004613221359084657,0.020618052952076225,0.49959774501621723,1.0
proser,33,0.00028711035421746355,0.9999777777777777,0.9422,0.013228000518707135,0.006752801943961954,0.004467424550305374,0.020077739627926017,0.4986628298224373,1.0
proser,34,0.0002591231629491422,0.9998666666666667,0.9414,0.013892370605555532,0.00720631147652801,0.0047364017498859375,0.019496573325754565,0.5014791505580599,1.0
proser,35,0.00023208660251050145,0.9999333333333333,0.944,0.013812549572321586,0.007375188158634542,0.004539647596009838,0.018977137838109313,0.5010156120088968,1.0
proser,36,0.00020610737385376337,0.9999111111111111,0.9458,0.01416909526663155,0.0075743858357203535,0.004712881193633869,0.018818282551364973,0.4994345531714233,1.0
proser,37,0.00018128800512565502,0.9998888888888889,0.945,0.013327765170040286,0.00705643122968137,0.004440708217523273,0.018306257256137378,0.4992038189348849,1.0
proser,38,0.00015772644703565555,0.9999555555555556,0.9452,0.013665832505053417,0.007386431434662716,0.004448844897110989,0.018305562039710243,0.4999749797650359,1.0
proser,39,0.00013551568628929425,0.9999777777777777,0.9454,0.012972331296292727,0.006918236145627981,0.004240102088343437,0.018139930426100778,0.4986740979789333,1.0
proser,40,0.00011474337861210535,0.9998888888888889,0.9448,0.012241537465756252,0.006485757342571477,0.003946763258268634,0.018090168897866864,0.49895388362082566,1.0
proser,41,9.549150281252626e-05,0.9999111111111111,0.9456,0.013065836488914845,0.007091685436369682,0.004152665953866249,0.01821485062563707,0.5007193089378151,1.0
proser,42,7.783603724899252e-05,0.9998888888888889,0.9452,0.012399869919384153,0.00661424621847056,0.004013210378285625,0.017724133080760526,0.500052160160108,1.0
proser,43,6.184665997806817e-05,0.9999555555555556,0.9452,0.011810484625377947,0.006118199119968763,0.0038868420643583786,0.018054434495173733,0.498610314659097,1.0
proser,44,4.7586473766990294e-05,0.9999555555555556,0.945,0.011725641576710834,0.005989207030903675,0.003930048870229671,0.018063856698890133,0.49692876874045894,1.0
proser,45,3.5111757055874305e-05,0.9999777777777777,0.9466,0.012500869958206418,0.00659258059352975,0.004125432747638446,0.017828566186257045,0.5007655292918737,1.0
proser,46,2.4471741852423218e-05,0.9999555555555556,0.947,0.012048871950934303,0.006353981270380741,0.003918902038342573,0.01775988658879545,0.5022426930848848,1.0
proser,47,1.5708419435684507e-05,0.9999111111111111,0.9464,0.01217572396060198,0.006326117643435613,0.004058648109176746,0.017909582230706954,0.4991067652167244,1.0
proser,48,8.856374635655634e-06,0.9999333333333333,0.9454,0.01341092748043593,0.00717924500217619,0.004436144847369922,0.017955375832653688,0.5000868647951972,1.0
proser,49,3.942649342761115e-06,0.9999111111111111,0.944,0.011754542851122096,0.006063518619074867,0.003909997179686219,0.017810269962699913,0.500438679263673,1.0
proser,50,9.866357858642198e-07,0.9999333333333333,0.9446,0.012503212272845716,0.006471262865075419,0.004254746471071319,0.017772029479436405,0.5024107706479051,1.0
