conflict_id,model,prediction_index,prediction_class,confidence
p0_airplane_shape__bird_texture_00,resnet50,1,bird,0.6574061512947083
p0_airplane_shape__bird_texture_01,resnet50,1,bird,0.8597514629364014
p0_airplane_shape__bird_texture_02,resnet50,1,bird,0.9982926249504089
p0_airplane_shape__bird_texture_03,resnet50,1,bird,0.5278289318084717
p0_airplane_shape__bird_texture_04,resnet50,1,bird,0.9545659422874451
p0_airplane_shape__bird_texture_05,resnet50,1,bird,0.9856922626495361
p0_airplane_shape__bird_texture_06,resnet50,1,bird,0.9446007013320923
p0_airplane_shape__bird_texture_07,resnet50,3,cat,0.4061020612716675
p0_airplane_shape__bird_texture_08,resnet50,1,bird,0.9764893651008606
p0_airplane_shape__bird_texture_09,resnet50,1,bird,0.9795228242874146
p0_airplane_shape__bird_texture_10,resnet50,0,airplane,0.5405704975128174
p0_airplane_shape__bird_texture_11,resnet50,1,bird,0.9714412689208984
p0_airplane_shape__bird_texture_12,resnet50,1,bird,0.7223414778709412
p0_airplane_shape__bird_texture_13,resnet50,1,bird,0.950920045375824
p0_airplane_shape__bird_texture_14,resnet50,1,bird,0.5082346796989441
p0_airplane_shape__bird_texture_15,resnet50,1,bird,0.8267425894737244
p0_airplane_shape__bird_texture_16,resnet50,0,airplane,0.6630552411079407
p0_airplane_shape__bird_texture_17,resnet50,0,airplane,0.5336619019508362
p0_airplane_shape__bird_texture_18,resnet50,1,bird,0.8961758017539978
p0_airplane_shape__bird_texture_19,resnet50,1,bird,0.7491639256477356
p0_airplane_shape__bird_texture_20,resnet50,1,bird,0.5145700573921204
p0_airplane_shape__bird_texture_21,resnet50,1,bird,0.8262311816215515
p0_airplane_shape__bird_texture_22,resnet50,1,bird,0.8452592492103577
p0_airplane_shape__bird_texture_23,resnet50,4,deer,0.4681541621685028
p0_airplane_shape__bird_texture_24,resnet50,1,bird,0.45618540048599243
p0_airplane_shape__bird_texture_25,resnet50,1,bird,0.9980304837226868
p0_airplane_shape__bird_texture_26,resnet50,4,deer,0.5023425221443176
p0_airplane_shape__bird_texture_27,resnet50,0,airplane,0.7032448053359985
p0_airplane_shape__bird_texture_28,resnet50,1,bird,0.9793282151222229
p0_airplane_shape__bird_texture_29,resnet50,1,bird,0.9301686882972717
p0_bird_shape__airplane_texture_00,resnet50,1,bird,0.9985976815223694
p0_bird_shape__airplane_texture_01,resnet50,1,bird,0.9965111613273621
p0_bird_shape__airplane_texture_02,resnet50,1,bird,0.8927818536758423
p0_bird_shape__airplane_texture_03,resnet50,2,car,0.6458694934844971
p0_bird_shape__airplane_texture_04,resnet50,1,bird,0.9996752738952637
p0_bird_shape__airplane_texture_05,resnet50,1,bird,0.980364203453064
p0_bird_shape__airplane_texture_06,resnet50,1,bird,0.808854341506958
p0_bird_shape__airplane_texture_07,resnet50,1,bird,0.9249706864356995
p0_bird_shape__airplane_texture_08,resnet50,1,bird,0.9848078489303589
p0_bird_shape__airplane_texture_09,resnet50,1,bird,0.9925646781921387
p0_bird_shape__airplane_texture_10,resnet50,1,bird,0.9998412132263184
p0_bird_shape__airplane_texture_11,resnet50,1,bird,0.9617701172828674
p0_bird_shape__airplane_texture_12,resnet50,1,bird,0.8667853474617004
p0_bird_shape__airplane_texture_13,resnet50,1,bird,0.9596751928329468
p0_bird_shape__airplane_texture_14,resnet50,1,bird,0.985161542892456
p0_bird_shape__airplane_texture_15,resnet50,1,bird,0.3496313989162445
p0_bird_shape__airplane_texture_16,resnet50,1,bird,0.9925133585929871
p0_bird_shape__airplane_texture_17,resnet50,1,bird,0.997490644454956
p0_bird_shape__airplane_texture_18,resnet50,1,bird,0.9938610792160034
p0_bird_shape__airplane_texture_19,resnet50,8,ship,0.6882378458976746
p0_bird_shape__airplane_texture_20,resnet50,1,bird,0.9892784953117371
p0_bird_shape__airplane_texture_21,resnet50,1,bird,0.9939115047454834
p0_bird_shape__airplane_texture_22,resnet50,1,bird,0.9047538638114929
p0_bird_shape__airplane_texture_23,resnet50,1,bird,0.9992935657501221
p0_bird_shape__airplane_texture_24,resnet50,1,bird,0.9605641961097717
p0_bird_shape__airplane_texture_25,resnet50,8,ship,0.5277678370475769
p0_bird_shape__airplane_texture_26,resnet50,1,bird,0.9831036329269409
p0_bird_shape__airplane_texture_27,resnet50,1,bird,0.998401939868927
p0_bird_shape__airplane_texture_28,resnet50,1,bird,0.9993302822113037
p0_bird_shape__airplane_texture_29,resnet50,1,bird,0.9256367683410645
p1_car_shape__truck_texture_00,resnet50,2,car,0.819575846195221
p1_car_shape__truck_texture_01,resnet50,2,car,0.9810494184494019
p1_car_shape__truck_texture_02,resnet50,2,car,0.9334962368011475
p1_car_shape__truck_texture_03,resnet50,9,truck,0.6218751668930054
p1_car_shape__truck_texture_04,resnet50,2,car,0.9856944680213928
p1_car_shape__truck_texture_05,resnet50,2,car,0.9230226278305054
p1_car_shape__truck_texture_06,resnet50,2,car,0.7187380790710449
p1_car_shape__truck_texture_07,resnet50,2,car,0.942149817943573
p1_car_shape__truck_texture_08,resnet50,2,car,0.9563350081443787
p1_car_shape__truck_texture_09,resnet50,8,ship,0.9684163331985474
p1_car_shape__truck_texture_10,resnet50,2,car,0.9447861909866333
p1_car_shape__truck_texture_11,resnet50,2,car,0.9887198805809021
p1_car_shape__truck_texture_12,resnet50,8,ship,0.35574665665626526
p1_car_shape__truck_texture_13,resnet50,2,car,0.9900116324424744
p1_car_shape__truck_texture_14,resnet50,2,car,0.9172495007514954
p1_car_shape__truck_texture_15,resnet50,2,car,0.9914016127586365
p1_car_shape__truck_texture_16,resnet50,2,car,0.9499128460884094
p1_car_shape__truck_texture_17,resnet50,2,car,0.8912072777748108
p1_car_shape__truck_texture_18,resnet50,2,car,0.738638699054718
p1_car_shape__truck_texture_19,resnet50,2,car,0.9423903822898865
p1_car_shape__truck_texture_20,resnet50,2,car,0.7858649492263794
p1_car_shape__truck_texture_21,resnet50,2,car,0.9735186696052551
p1_car_shape__truck_texture_22,resnet50,2,car,0.9663575887680054
p1_car_shape__truck_texture_23,resnet50,2,car,0.9007123708724976
p1_car_shape__truck_texture_24,resnet50,9,truck,0.6169224381446838
p1_car_shape__truck_texture_25,resnet50,2,car,0.8961834907531738
p1_car_shape__truck_texture_26,resnet50,2,car,0.9867557287216187
p1_car_shape__truck_texture_27,resnet50,2,car,0.7948735356330872
p1_car_shape__truck_texture_28,resnet50,2,car,0.8785110116004944
p1_car_shape__truck_texture_29,resnet50,8,ship,0.2963867783546448
p1_truck_shape__car_texture_00,resnet50,1,bird,0.6399551033973694
p1_truck_shape__car_texture_01,resnet50,9,truck,0.9404682517051697
p1_truck_shape__car_texture_02,resnet50,9,truck,0.6969536542892456
p1_truck_shape__car_texture_03,resnet50,9,truck,0.6461439728736877
p1_truck_shape__car_texture_04,resnet50,1,bird,0.9897157549858093
p1_truck_shape__car_texture_05,resnet50,9,truck,0.7097179293632507
p1_truck_shape__car_texture_06,resnet50,9,truck,0.978270411491394
p1_truck_shape__car_texture_07,resnet50,9,truck,0.7146064639091492
p1_truck_shape__car_texture_08,resnet50,9,truck,0.9180065393447876
p1_truck_shape__car_texture_09,resnet50,9,truck,0.9265096187591553
p1_truck_shape__car_texture_10,resnet50,9,truck,0.6690749526023865
p1_truck_shape__car_texture_11,resnet50,9,truck,0.8276387453079224
p1_truck_shape__car_texture_12,resnet50,9,truck,0.45516401529312134
p1_truck_shape__car_texture_13,resnet50,8,ship,0.2841924726963043
p1_truck_shape__car_texture_14,resnet50,9,truck,0.904421329498291
p1_truck_shape__car_texture_15,resnet50,9,truck,0.6899496912956238
p1_truck_shape__car_texture_16,resnet50,8,ship,0.4527565538883209
p1_truck_shape__car_texture_17,resnet50,2,car,0.4645814299583435
p1_truck_shape__car_texture_18,resnet50,0,airplane,0.6874083876609802
p1_truck_shape__car_texture_19,resnet50,8,ship,0.7591931819915771
p1_truck_shape__car_texture_20,resnet50,9,truck,0.9369764924049377
p1_truck_shape__car_texture_21,resnet50,9,truck,0.7096265554428101
p1_truck_shape__car_texture_22,resnet50,9,truck,0.6560844779014587
p1_truck_shape__car_texture_23,resnet50,9,truck,0.8263878226280212
p1_truck_shape__car_texture_24,resnet50,2,car,0.6849440932273865
p1_truck_shape__car_texture_25,resnet50,9,truck,0.9670188426971436
p1_truck_shape__car_texture_26,resnet50,9,truck,0.825760006904602
p1_truck_shape__car_texture_27,resnet50,9,truck,0.9046341180801392
p1_truck_shape__car_texture_28,resnet50,9,truck,0.8404927253723145
p1_truck_shape__car_texture_29,resnet50,9,truck,0.9496924877166748
p2_cat_shape__dog_texture_00,resnet50,3,cat,0.6881758570671082
p2_cat_shape__dog_texture_01,resnet50,7,monkey,0.6120244860649109
p2_cat_shape__dog_texture_02,resnet50,1,bird,0.9569212198257446
p2_cat_shape__dog_texture_03,resnet50,3,cat,0.6912392377853394
p2_cat_shape__dog_texture_04,resnet50,3,cat,0.6259061098098755
p2_cat_shape__dog_texture_05,resnet50,1,bird,0.9803436994552612
p2_cat_shape__dog_texture_06,resnet50,3,cat,0.6119315028190613
p2_cat_shape__dog_texture_07,resnet50,3,cat,0.9352099895477295
p2_cat_shape__dog_texture_08,resnet50,3,cat,0.9820775389671326
p2_cat_shape__dog_texture_09,resnet50,3,cat,0.8477361798286438
p2_cat_shape__dog_texture_10,resnet50,4,deer,0.5696847438812256
p2_cat_shape__dog_texture_11,resnet50,3,cat,0.9802535772323608
p2_cat_shape__dog_texture_12,resnet50,3,cat,0.9120893478393555
p2_cat_shape__dog_texture_13,resnet50,3,cat,0.9819068312644958
p2_cat_shape__dog_texture_14,resnet50,3,cat,0.7758832573890686
p2_cat_shape__dog_texture_15,resnet50,1,bird,0.6241140961647034
p2_cat_shape__dog_texture_16,resnet50,4,deer,0.8420969843864441
p2_cat_shape__dog_texture_17,resnet50,1,bird,0.9518039226531982
p2_cat_shape__dog_texture_18,resnet50,3,cat,0.4785587787628174
p2_cat_shape__dog_texture_19,resnet50,5,dog,0.9579098224639893
p2_cat_shape__dog_texture_20,resnet50,3,cat,0.7883340120315552
p2_cat_shape__dog_texture_21,resnet50,3,cat,0.5044160485267639
p2_cat_shape__dog_texture_22,resnet50,3,cat,0.976727306842804
p2_cat_shape__dog_texture_23,resnet50,1,bird,0.8303943276405334
p2_cat_shape__dog_texture_24,resnet50,1,bird,0.7952553033828735
p2_cat_shape__dog_texture_25,resnet50,1,bird,0.550023078918457
p2_cat_shape__dog_texture_26,resnet50,3,cat,0.856462299823761
p2_cat_shape__dog_texture_27,resnet50,1,bird,0.7257066965103149
p2_cat_shape__dog_texture_28,resnet50,3,cat,0.7639058232307434
p2_cat_shape__dog_texture_29,resnet50,7,monkey,0.8139188885688782
p2_dog_shape__cat_texture_00,resnet50,3,cat,0.6734418869018555
p2_dog_shape__cat_texture_01,resnet50,1,bird,0.9988441467285156
p2_dog_shape__cat_texture_02,resnet50,5,dog,0.8567447662353516
p2_dog_shape__cat_texture_03,resnet50,3,cat,0.828982412815094
p2_dog_shape__cat_texture_04,resnet50,1,bird,0.5981681942939758
p2_dog_shape__cat_texture_05,resnet50,4,deer,0.9654179215431213
p2_dog_shape__cat_texture_06,resnet50,5,dog,0.9598290920257568
p2_dog_shape__cat_texture_07,resnet50,5,dog,0.6846449971199036
p2_dog_shape__cat_texture_08,resnet50,5,dog,0.9501783847808838
p2_dog_shape__cat_texture_09,resnet50,1,bird,0.836706280708313
p2_dog_shape__cat_texture_10,resnet50,1,bird,0.4018101394176483
p2_dog_shape__cat_texture_11,resnet50,5,dog,0.8567944765090942
p2_dog_shape__cat_texture_12,resnet50,5,dog,0.9535796642303467
p2_dog_shape__cat_texture_13,resnet50,4,deer,0.715305745601654
p2_dog_shape__cat_texture_14,resnet50,1,bird,0.49496251344680786
p2_dog_shape__cat_texture_15,resnet50,5,dog,0.589463472366333
p2_dog_shape__cat_texture_16,resnet50,5,dog,0.9235630035400391
p2_dog_shape__cat_texture_17,resnet50,5,dog,0.9093844890594482
p2_dog_shape__cat_texture_18,resnet50,5,dog,0.3801195025444031
p2_dog_shape__cat_texture_19,resnet50,5,dog,0.9468376040458679
p2_dog_shape__cat_texture_20,resnet50,1,bird,0.42361506819725037
p2_dog_shape__cat_texture_21,resnet50,5,dog,0.36199116706848145
p2_dog_shape__cat_texture_22,resnet50,5,dog,0.8327536582946777
p2_dog_shape__cat_texture_23,resnet50,5,dog,0.9193333387374878
p2_dog_shape__cat_texture_24,resnet50,3,cat,0.4959838092327118
p2_dog_shape__cat_texture_25,resnet50,5,dog,0.29316869378089905
p2_dog_shape__cat_texture_26,resnet50,5,dog,0.6432443857192993
p2_dog_shape__cat_texture_27,resnet50,5,dog,0.9038983583450317
p2_dog_shape__cat_texture_28,resnet50,5,dog,0.9360395073890686
p2_dog_shape__cat_texture_29,resnet50,5,dog,0.9456446170806885
p3_deer_shape__horse_texture_00,resnet50,4,deer,0.9049737453460693
p3_deer_shape__horse_texture_01,resnet50,4,deer,0.7890787720680237
p3_deer_shape__horse_texture_02,resnet50,4,deer,0.8679200410842896
p3_deer_shape__horse_texture_03,resnet50,4,deer,0.9627847671508789
p3_deer_shape__horse_texture_04,resnet50,4,deer,0.8391449451446533
p3_deer_shape__horse_texture_05,resnet50,4,deer,0.9191564917564392
p3_deer_shape__horse_texture_06,resnet50,4,deer,0.9061398506164551
p3_deer_shape__horse_texture_07,resnet50,4,deer,0.9908347129821777
p3_deer_shape__horse_texture_08,resnet50,4,deer,0.8442359566688538
p3_deer_shape__horse_texture_09,resnet50,4,deer,0.7847945094108582
p3_deer_shape__horse_texture_10,resnet50,4,deer,0.7072563767433167
p3_deer_shape__horse_texture_11,resnet50,4,deer,0.7770941853523254
p3_deer_shape__horse_texture_12,resnet50,4,deer,0.9859607219696045
p3_deer_shape__horse_texture_13,resnet50,4,deer,0.913561224937439
p3_deer_shape__horse_texture_14,resnet50,4,deer,0.981709897518158
p3_deer_shape__horse_texture_15,resnet50,4,deer,0.473644495010376
p3_deer_shape__horse_texture_16,resnet50,4,deer,0.7342065572738647
p3_deer_shape__horse_texture_17,resnet50,4,deer,0.9604485034942627
p3_deer_shape__horse_texture_18,resnet50,1,bird,0.7816288471221924
p3_deer_shape__horse_texture_19,resnet50,4,deer,0.9410731792449951
p3_deer_shape__horse_texture_20,resnet50,4,deer,0.9300304651260376
p3_deer_shape__horse_texture_21,resnet50,4,deer,0.9399813413619995
p3_deer_shape__horse_texture_22,resnet50,4,deer,0.8576877117156982
p3_deer_shape__horse_texture_23,resnet50,4,deer,0.8911377191543579
p3_deer_shape__horse_texture_24,resnet50,4,deer,0.7875381112098694
p3_deer_shape__horse_texture_25,resnet50,6,horse,0.6010002493858337
p3_deer_shape__horse_texture_26,resnet50,4,deer,0.9303839802742004
p3_deer_shape__horse_texture_27,resnet50,4,deer,0.8560237288475037
p3_deer_shape__horse_texture_28,resnet50,1,bird,0.8875365853309631
p3_deer_shape__horse_texture_29,resnet50,4,deer,0.9024814367294312
p3_horse_shape__deer_texture_00,resnet50,4,deer,0.9577983021736145
p3_horse_shape__deer_texture_01,resnet50,6,horse,0.609303891658783
p3_horse_shape__deer_texture_02,resnet50,6,horse,0.7358292937278748
p3_horse_shape__deer_texture_03,resnet50,6,horse,0.6766194701194763
p3_horse_shape__deer_texture_04,resnet50,4,deer,0.66533362865448
p3_horse_shape__deer_texture_05,resnet50,6,horse,0.6439538598060608
p3_horse_shape__deer_texture_06,resnet50,6,horse,0.9946271777153015
p3_horse_shape__deer_texture_07,resnet50,4,deer,0.6247251629829407
p3_horse_shape__deer_texture_08,resnet50,6,horse,0.5335479378700256
p3_horse_shape__deer_texture_09,resnet50,4,deer,0.7653958201408386
p3_horse_shape__deer_texture_10,resnet50,6,horse,0.9148861169815063
p3_horse_shape__deer_texture_11,resnet50,6,horse,0.9797343611717224
p3_horse_shape__deer_texture_12,resnet50,6,horse,0.972953200340271
p3_horse_shape__deer_texture_13,resnet50,6,horse,0.9467647075653076
p3_horse_shape__deer_texture_14,resnet50,4,deer,0.9089199900627136
p3_horse_shape__deer_texture_15,resnet50,4,deer,0.5620068311691284
p3_horse_shape__deer_texture_16,resnet50,4,deer,0.6299920678138733
p3_horse_shape__deer_texture_17,resnet50,6,horse,0.8890915513038635
p3_horse_shape__deer_texture_18,resnet50,4,deer,0.5957263708114624
p3_horse_shape__deer_texture_19,resnet50,4,deer,0.8841111063957214
p3_horse_shape__deer_texture_20,resnet50,6,horse,0.6517805457115173
p3_horse_shape__deer_texture_21,resnet50,6,horse,0.7939755916595459
p3_horse_shape__deer_texture_22,resnet50,6,horse,0.9935411214828491
p3_horse_shape__deer_texture_23,resnet50,4,deer,0.46873801946640015
p3_horse_shape__deer_texture_24,resnet50,6,horse,0.9552002549171448
p3_horse_shape__deer_texture_25,resnet50,6,horse,0.8622145652770996
p3_horse_shape__deer_texture_26,resnet50,4,deer,0.5481539964675903
p3_horse_shape__deer_texture_27,resnet50,4,deer,0.7864586114883423
p3_horse_shape__deer_texture_28,resnet50,4,deer,0.5978589653968811
p3_horse_shape__deer_texture_29,resnet50,6,horse,0.5776880979537964
p4_monkey_shape__ship_texture_00,resnet50,8,ship,0.7562669515609741
p4_monkey_shape__ship_texture_01,resnet50,8,ship,0.9307568669319153
p4_monkey_shape__ship_texture_02,resnet50,7,monkey,0.625529944896698
p4_monkey_shape__ship_texture_03,resnet50,8,ship,0.5561246871948242
p4_monkey_shape__ship_texture_04,resnet50,8,ship,0.5912302136421204
p4_monkey_shape__ship_texture_05,resnet50,8,ship,0.7016016840934753
p4_monkey_shape__ship_texture_06,resnet50,8,ship,0.3886798024177551
p4_monkey_shape__ship_texture_07,resnet50,8,ship,0.7423290610313416
p4_monkey_shape__ship_texture_08,resnet50,8,ship,0.2873108685016632
p4_monkey_shape__ship_texture_09,resnet50,1,bird,0.8742363452911377
p4_monkey_shape__ship_texture_10,resnet50,8,ship,0.7521201372146606
p4_monkey_shape__ship_texture_11,resnet50,8,ship,0.5482336282730103
p4_monkey_shape__ship_texture_12,resnet50,8,ship,0.8024638295173645
p4_monkey_shape__ship_texture_13,resnet50,8,ship,0.7104141712188721
p4_monkey_shape__ship_texture_14,resnet50,8,ship,0.7150652408599854
p4_monkey_shape__ship_texture_15,resnet50,1,bird,0.8340988755226135
p4_monkey_shape__ship_texture_16,resnet50,8,ship,0.40411442518234253
p4_monkey_shape__ship_texture_17,resnet50,1,bird,0.4897604286670685
p4_monkey_shape__ship_texture_18,resnet50,7,monkey,0.4641036093235016
p4_monkey_shape__ship_texture_19,resnet50,8,ship,0.696382462978363
p4_monkey_shape__ship_texture_20,resnet50,9,truck,0.4066546857357025
p4_monkey_shape__ship_texture_21,resnet50,8,ship,0.47704845666885376
p4_monkey_shape__ship_texture_22,resnet50,1,bird,0.9472881555557251
p4_monkey_shape__ship_texture_23,resnet50,8,ship,0.5609158873558044
p4_monkey_shape__ship_texture_24,resnet50,8,ship,0.380050927400589
p4_monkey_shape__ship_texture_25,resnet50,8,ship,0.9027928113937378
p4_monkey_shape__ship_texture_26,resnet50,8,ship,0.9179664850234985
p4_monkey_shape__ship_texture_27,resnet50,8,ship,0.900501012802124
p4_monkey_shape__ship_texture_28,resnet50,7,monkey,0.8055785894393921
p4_monkey_shape__ship_texture_29,resnet50,8,ship,0.9914280772209167
p4_ship_shape__monkey_texture_00,resnet50,1,bird,0.8772646188735962
p4_ship_shape__monkey_texture_01,resnet50,8,ship,0.9718706011772156
p4_ship_shape__monkey_texture_02,resnet50,8,ship,0.6500024795532227
p4_ship_shape__monkey_texture_03,resnet50,1,bird,0.27411553263664246
p4_ship_shape__monkey_texture_04,resnet50,8,ship,0.8438717722892761
p4_ship_shape__monkey_texture_05,resnet50,1,bird,0.8537800312042236
p4_ship_shape__monkey_texture_06,resnet50,8,ship,0.9898145198822021
p4_ship_shape__monkey_texture_07,resnet50,4,deer,0.5217814445495605
p4_ship_shape__monkey_texture_08,resnet50,1,bird,0.9262228608131409
p4_ship_shape__monkey_texture_09,resnet50,8,ship,0.4732891023159027
p4_ship_shape__monkey_texture_10,resnet50,8,ship,0.6763854026794434
p4_ship_shape__monkey_texture_11,resnet50,1,bird,0.7814629077911377
p4_ship_shape__monkey_texture_12,resnet50,1,bird,0.8043487071990967
p4_ship_shape__monkey_texture_13,resnet50,8,ship,0.393449068069458
p4_ship_shape__monkey_texture_14,resnet50,4,deer,0.24357885122299194
p4_ship_shape__monkey_texture_15,resnet50,4,deer,0.42951327562332153
p4_ship_shape__monkey_texture_16,resnet50,8,ship,0.7752686142921448
p4_ship_shape__monkey_texture_17,resnet50,4,deer,0.622893214225769
p4_ship_shape__monkey_texture_18,resnet50,8,ship,0.8547614812850952
p4_ship_shape__monkey_texture_19,resnet50,1,bird,0.49566325545310974
p4_ship_shape__monkey_texture_20,resnet50,3,cat,0.3237248659133911
p4_ship_shape__monkey_texture_21,resnet50,1,bird,0.9082602262496948
p4_ship_shape__monkey_texture_22,resnet50,1,bird,0.7882041335105896
p4_ship_shape__monkey_texture_23,resnet50,3,cat,0.30340519547462463
p4_ship_shape__monkey_texture_24,resnet50,8,ship,0.9593574404716492
p4_ship_shape__monkey_texture_25,resnet50,1,bird,0.641218364238739
p4_ship_shape__monkey_texture_26,resnet50,8,ship,0.46636074781417847
p4_ship_shape__monkey_texture_27,resnet50,8,ship,0.532406210899353
p4_ship_shape__monkey_texture_28,resnet50,8,ship,0.7299172878265381
p4_ship_shape__monkey_texture_29,resnet50,8,ship,0.6209839582443237
p0_airplane_shape__bird_texture_00,vit_b16,0,airplane,0.7863972783088684
p0_airplane_shape__bird_texture_01,vit_b16,1,bird,0.5383875370025635
p0_airplane_shape__bird_texture_02,vit_b16,0,airplane,0.36971744894981384
p0_airplane_shape__bird_texture_03,vit_b16,0,airplane,0.1808641105890274
p0_airplane_shape__bird_texture_04,vit_b16,0,airplane,0.39071816205978394
p0_airplane_shape__bird_texture_05,vit_b16,0,airplane,0.8075162768363953
p0_airplane_shape__bird_texture_06,vit_b16,0,airplane,0.3599567413330078
p0_airplane_shape__bird_texture_07,vit_b16,0,airplane,0.9375444054603577
p0_airplane_shape__bird_texture_08,vit_b16,0,airplane,0.5597543716430664
p0_airplane_shape__bird_texture_09,vit_b16,0,airplane,0.8590949177742004
p0_airplane_shape__bird_texture_10,vit_b16,0,airplane,0.9879871010780334
p0_airplane_shape__bird_texture_11,vit_b16,0,airplane,0.8058085441589355
p0_airplane_shape__bird_texture_12,vit_b16,0,airplane,0.8240358233451843
p0_airplane_shape__bird_texture_13,vit_b16,1,bird,0.3036864399909973
p0_airplane_shape__bird_texture_14,vit_b16,0,airplane,0.4563566744327545
p0_airplane_shape__bird_texture_15,vit_b16,0,airplane,0.5281707048416138
p0_airplane_shape__bird_texture_16,vit_b16,0,airplane,0.9899786710739136
p0_airplane_shape__bird_texture_17,vit_b16,1,bird,0.5295631885528564
p0_airplane_shape__bird_texture_18,vit_b16,0,airplane,0.6004466414451599
p0_airplane_shape__bird_texture_19,vit_b16,0,airplane,0.9971670508384705
p0_airplane_shape__bird_texture_20,vit_b16,1,bird,0.2130124568939209
p0_airplane_shape__bird_texture_21,vit_b16,7,monkey,0.2333788275718689
p0_airplane_shape__bird_texture_22,vit_b16,0,airplane,0.6439210176467896
p0_airplane_shape__bird_texture_23,vit_b16,0,airplane,0.9099592566490173
p0_airplane_shape__bird_texture_24,vit_b16,0,airplane,0.9256905913352966
p0_airplane_shape__bird_texture_25,vit_b16,1,bird,0.9179049730300903
p0_airplane_shape__bird_texture_26,vit_b16,0,airplane,0.8717150688171387
p0_airplane_shape__bird_texture_27,vit_b16,0,airplane,0.995491087436676
p0_airplane_shape__bird_texture_28,vit_b16,2,car,0.35640236735343933
p0_airplane_shape__bird_texture_29,vit_b16,0,airplane,0.7340487241744995
p0_bird_shape__airplane_texture_00,vit_b16,1,bird,0.9935543537139893
p0_bird_shape__airplane_texture_01,vit_b16,1,bird,0.9977467656135559
p0_bird_shape__airplane_texture_02,vit_b16,1,bird,0.7213678359985352
p0_bird_shape__airplane_texture_03,vit_b16,2,car,0.28879499435424805
p0_bird_shape__airplane_texture_04,vit_b16,1,bird,0.9966679215431213
p0_bird_shape__airplane_texture_05,vit_b16,1,bird,0.3206165134906769
p0_bird_shape__airplane_texture_06,vit_b16,1,bird,0.9964843988418579
p0_bird_shape__airplane_texture_07,vit_b16,1,bird,0.9754130840301514
p0_bird_shape__airplane_texture_08,vit_b16,1,bird,0.9995102882385254
p0_bird_shape__airplane_texture_09,vit_b16,3,cat,0.6999467015266418
p0_bird_shape__airplane_texture_10,vit_b16,1,bird,0.9995226860046387
p0_bird_shape__airplane_texture_11,vit_b16,1,bird,0.6231772899627686
p0_bird_shape__airplane_texture_12,vit_b16,1,bird,0.672153115272522
p0_bird_shape__airplane_texture_13,vit_b16,1,bird,0.6565732955932617
p0_bird_shape__airplane_texture_14,vit_b16,1,bird,0.9989097118377686
p0_bird_shape__airplane_texture_15,vit_b16,1,bird,0.170390322804451
p0_bird_shape__airplane_texture_16,vit_b16,1,bird,0.9883570075035095
p0_bird_shape__airplane_texture_17,vit_b16,1,bird,0.9747093319892883
p0_bird_shape__airplane_texture_18,vit_b16,1,bird,0.9774861335754395
p0_bird_shape__airplane_texture_19,vit_b16,1,bird,0.4813597798347473
p0_bird_shape__airplane_texture_20,vit_b16,1,bird,0.5806815028190613
p0_bird_shape__airplane_texture_21,vit_b16,1,bird,0.9856593012809753
p0_bird_shape__airplane_texture_22,vit_b16,3,cat,0.22173452377319336
p0_bird_shape__airplane_texture_23,vit_b16,1,bird,0.9072799682617188
p0_bird_shape__airplane_texture_24,vit_b16,1,bird,0.3483061194419861
p0_bird_shape__airplane_texture_25,vit_b16,1,bird,0.9888683557510376
p0_bird_shape__airplane_texture_26,vit_b16,0,airplane,0.2566168010234833
p0_bird_shape__airplane_texture_27,vit_b16,1,bird,0.4174014627933502
p0_bird_shape__airplane_texture_28,vit_b16,1,bird,0.9884346723556519
p0_bird_shape__airplane_texture_29,vit_b16,1,bird,0.9322534799575806
p1_car_shape__truck_texture_00,vit_b16,2,car,0.9931303858757019
p1_car_shape__truck_texture_01,vit_b16,2,car,0.9827761650085449
p1_car_shape__truck_texture_02,vit_b16,2,car,0.9989778995513916
p1_car_shape__truck_texture_03,vit_b16,2,car,0.9671770334243774
p1_car_shape__truck_texture_04,vit_b16,2,car,0.9920250177383423
p1_car_shape__truck_texture_05,vit_b16,2,car,0.9964390397071838
p1_car_shape__truck_texture_06,vit_b16,2,car,0.9926112294197083
p1_car_shape__truck_texture_07,vit_b16,2,car,0.9928569793701172
p1_car_shape__truck_texture_08,vit_b16,2,car,0.968212902545929
p1_car_shape__truck_texture_09,vit_b16,0,airplane,0.8135510087013245
p1_car_shape__truck_texture_10,vit_b16,2,car,0.9782651662826538
p1_car_shape__truck_texture_11,vit_b16,2,car,0.9945040941238403
p1_car_shape__truck_texture_12,vit_b16,9,truck,0.3141128718852997
p1_car_shape__truck_texture_13,vit_b16,2,car,0.994055986404419
p1_car_shape__truck_texture_14,vit_b16,2,car,0.9837710857391357
p1_car_shape__truck_texture_15,vit_b16,2,car,0.9982233643531799
p1_car_shape__truck_texture_16,vit_b16,2,car,0.9984475374221802
p1_car_shape__truck_texture_17,vit_b16,2,car,0.9979075193405151
p1_car_shape__truck_texture_18,vit_b16,2,car,0.7521324157714844
p1_car_shape__truck_texture_19,vit_b16,2,car,0.9643380641937256
p1_car_shape__truck_texture_20,vit_b16,2,car,0.9839640259742737
p1_car_shape__truck_texture_21,vit_b16,2,car,0.9975252747535706
p1_car_shape__truck_texture_22,vit_b16,2,car,0.9963661432266235
p1_car_shape__truck_texture_23,vit_b16,2,car,0.9936667084693909
p1_car_shape__truck_texture_24,vit_b16,2,car,0.48839545249938965
p1_car_shape__truck_texture_25,vit_b16,2,car,0.879612386226654
p1_car_shape__truck_texture_26,vit_b16,2,car,0.9972999691963196
p1_car_shape__truck_texture_27,vit_b16,2,car,0.9782774448394775
p1_car_shape__truck_texture_28,vit_b16,2,car,0.5349427461624146
p1_car_shape__truck_texture_29,vit_b16,9,truck,0.7722187042236328
p1_truck_shape__car_texture_00,vit_b16,8,ship,0.26043903827667236
p1_truck_shape__car_texture_01,vit_b16,9,truck,0.9899425506591797
p1_truck_shape__car_texture_02,vit_b16,9,truck,0.5923508405685425
p1_truck_shape__car_texture_03,vit_b16,9,truck,0.7918317914009094
p1_truck_shape__car_texture_04,vit_b16,2,car,0.7813110947608948
p1_truck_shape__car_texture_05,vit_b16,9,truck,0.9966757297515869
p1_truck_shape__car_texture_06,vit_b16,9,truck,0.98492830991745
p1_truck_shape__car_texture_07,vit_b16,9,truck,0.43563392758369446
p1_truck_shape__car_texture_08,vit_b16,9,truck,0.7956842184066772
p1_truck_shape__car_texture_09,vit_b16,9,truck,0.9922383427619934
p1_truck_shape__car_texture_10,vit_b16,9,truck,0.42285841703414917
p1_truck_shape__car_texture_11,vit_b16,2,car,0.5533860325813293
p1_truck_shape__car_texture_12,vit_b16,9,truck,0.5507996678352356
p1_truck_shape__car_texture_13,vit_b16,9,truck,0.32027778029441833
p1_truck_shape__car_texture_14,vit_b16,9,truck,0.8474629521369934
p1_truck_shape__car_texture_15,vit_b16,2,car,0.44959941506385803
p1_truck_shape__car_texture_16,vit_b16,2,car,0.28458020091056824
p1_truck_shape__car_texture_17,vit_b16,9,truck,0.9632498621940613
p1_truck_shape__car_texture_18,vit_b16,9,truck,0.9587048292160034
p1_truck_shape__car_texture_19,vit_b16,9,truck,0.4346618056297302
p1_truck_shape__car_texture_20,vit_b16,9,truck,0.9984458088874817
p1_truck_shape__car_texture_21,vit_b16,2,car,0.6298381090164185
p1_truck_shape__car_texture_22,vit_b16,9,truck,0.922451913356781
p1_truck_shape__car_texture_23,vit_b16,9,truck,0.3416987955570221
p1_truck_shape__car_texture_24,vit_b16,2,car,0.6663989424705505
p1_truck_shape__car_texture_25,vit_b16,9,truck,0.9940158128738403
p1_truck_shape__car_texture_26,vit_b16,9,truck,0.9879797697067261
p1_truck_shape__car_texture_27,vit_b16,2,car,0.5453571081161499
p1_truck_shape__car_texture_28,vit_b16,9,truck,0.9964614510536194
p1_truck_shape__car_texture_29,vit_b16,9,truck,0.9042302370071411
p2_cat_shape__dog_texture_00,vit_b16,3,cat,0.858254611492157
p2_cat_shape__dog_texture_01,vit_b16,3,cat,0.5548890233039856
p2_cat_shape__dog_texture_02,vit_b16,3,cat,0.9896463751792908
p2_cat_shape__dog_texture_03,vit_b16,3,cat,0.9864065051078796
p2_cat_shape__dog_texture_04,vit_b16,3,cat,0.9974209070205688
p2_cat_shape__dog_texture_05,vit_b16,1,bird,0.7430661916732788
p2_cat_shape__dog_texture_06,vit_b16,3,cat,0.999403715133667
p2_cat_shape__dog_texture_07,vit_b16,3,cat,0.999430239200592
p2_cat_shape__dog_texture_08,vit_b16,3,cat,0.9817302227020264
p2_cat_shape__dog_texture_09,vit_b16,3,cat,0.9889574646949768
p2_cat_shape__dog_texture_10,vit_b16,3,cat,0.2748158872127533
p2_cat_shape__dog_texture_11,vit_b16,3,cat,0.9984793066978455
p2_cat_shape__dog_texture_12,vit_b16,3,cat,0.7468491196632385
p2_cat_shape__dog_texture_13,vit_b16,3,cat,0.9951099753379822
p2_cat_shape__dog_texture_14,vit_b16,3,cat,0.9605355858802795
p2_cat_shape__dog_texture_15,vit_b16,3,cat,0.5819420218467712
p2_cat_shape__dog_texture_16,vit_b16,3,cat,0.6315684914588928
p2_cat_shape__dog_texture_17,vit_b16,0,airplane,0.1440846025943756
p2_cat_shape__dog_texture_18,vit_b16,3,cat,0.9365169405937195
p2_cat_shape__dog_texture_19,vit_b16,5,dog,0.7216649055480957
p2_cat_shape__dog_texture_20,vit_b16,3,cat,0.9668248891830444
p2_cat_shape__dog_texture_21,vit_b16,3,cat,0.9714201092720032
p2_cat_shape__dog_texture_22,vit_b16,3,cat,0.9790059924125671
p2_cat_shape__dog_texture_23,vit_b16,1,bird,0.20607377588748932
p2_cat_shape__dog_texture_24,vit_b16,7,monkey,0.3597109615802765
p2_cat_shape__dog_texture_25,vit_b16,2,car,0.19617077708244324
p2_cat_shape__dog_texture_26,vit_b16,3,cat,0.9958891272544861
p2_cat_shape__dog_texture_27,vit_b16,0,airplane,0.38262903690338135
p2_cat_shape__dog_texture_28,vit_b16,3,cat,0.8932867050170898
p2_cat_shape__dog_texture_29,vit_b16,7,monkey,0.9449898600578308
p2_dog_shape__cat_texture_00,vit_b16,1,bird,0.21114012598991394
p2_dog_shape__cat_texture_01,vit_b16,5,dog,0.5521257519721985
p2_dog_shape__cat_texture_02,vit_b16,4,deer,0.3439277112483978
p2_dog_shape__cat_texture_03,vit_b16,5,dog,0.5472491383552551
p2_dog_shape__cat_texture_04,vit_b16,5,dog,0.21377407014369965
p2_dog_shape__cat_texture_05,vit_b16,4,deer,0.9820126295089722
p2_dog_shape__cat_texture_06,vit_b16,5,dog,0.8742574453353882
p2_dog_shape__cat_texture_07,vit_b16,5,dog,0.9091961979866028
p2_dog_shape__cat_texture_08,vit_b16,5,dog,0.6469167470932007
p2_dog_shape__cat_texture_09,vit_b16,3,cat,0.2644050717353821
p2_dog_shape__cat_texture_10,vit_b16,4,deer,0.21753700077533722
p2_dog_shape__cat_texture_11,vit_b16,5,dog,0.5452716946601868
p2_dog_shape__cat_texture_12,vit_b16,5,dog,0.9250262379646301
p2_dog_shape__cat_texture_13,vit_b16,4,deer,0.5860282778739929
p2_dog_shape__cat_texture_14,vit_b16,3,cat,0.9696508049964905
p2_dog_shape__cat_texture_15,vit_b16,6,horse,0.3160407245159149
p2_dog_shape__cat_texture_16,vit_b16,5,dog,0.9455786347389221
p2_dog_shape__cat_texture_17,vit_b16,5,dog,0.632830798625946
p2_dog_shape__cat_texture_18,vit_b16,5,dog,0.5389771461486816
p2_dog_shape__cat_texture_19,vit_b16,5,dog,0.9100276231765747
p2_dog_shape__cat_texture_20,vit_b16,5,dog,0.8575251698493958
p2_dog_shape__cat_texture_21,vit_b16,5,dog,0.8972704410552979
p2_dog_shape__cat_texture_22,vit_b16,5,dog,0.626960813999176
p2_dog_shape__cat_texture_23,vit_b16,5,dog,0.7344101667404175
p2_dog_shape__cat_texture_24,vit_b16,3,cat,0.5558636784553528
p2_dog_shape__cat_texture_25,vit_b16,5,dog,0.8230475187301636
p2_dog_shape__cat_texture_26,vit_b16,5,dog,0.9798668622970581
p2_dog_shape__cat_texture_27,vit_b16,5,dog,0.9046283960342407
p2_dog_shape__cat_texture_28,vit_b16,5,dog,0.9891724586486816
p2_dog_shape__cat_texture_29,vit_b16,5,dog,0.965157687664032
p3_deer_shape__horse_texture_00,vit_b16,4,deer,0.9341747164726257
p3_deer_shape__horse_texture_01,vit_b16,4,deer,0.9809747934341431
p3_deer_shape__horse_texture_02,vit_b16,4,deer,0.9723620414733887
p3_deer_shape__horse_texture_03,vit_b16,4,deer,0.9944577217102051
p3_deer_shape__horse_texture_04,vit_b16,4,deer,0.9640410542488098
p3_deer_shape__horse_texture_05,vit_b16,4,deer,0.921258807182312
p3_deer_shape__horse_texture_06,vit_b16,4,deer,0.9970595240592957
p3_deer_shape__horse_texture_07,vit_b16,4,deer,0.9994219541549683
p3_deer_shape__horse_texture_08,vit_b16,4,deer,0.9770076274871826
p3_deer_shape__horse_texture_09,vit_b16,4,deer,0.9536399245262146
p3_deer_shape__horse_texture_10,vit_b16,4,deer,0.5204633474349976
p3_deer_shape__horse_texture_11,vit_b16,4,deer,0.4845618009567261
p3_deer_shape__horse_texture_12,vit_b16,4,deer,0.9763861298561096
p3_deer_shape__horse_texture_13,vit_b16,4,deer,0.8187406063079834
p3_deer_shape__horse_texture_14,vit_b16,4,deer,0.9957119226455688
p3_deer_shape__horse_texture_15,vit_b16,3,cat,0.6020215749740601
p3_deer_shape__horse_texture_16,vit_b16,4,deer,0.9617667198181152
p3_deer_shape__horse_texture_17,vit_b16,4,deer,0.9884650707244873
p3_deer_shape__horse_texture_18,vit_b16,4,deer,0.7158494591712952
p3_deer_shape__horse_texture_19,vit_b16,4,deer,0.9574167728424072
p3_deer_shape__horse_texture_20,vit_b16,4,deer,0.9938591122627258
p3_deer_shape__horse_texture_21,vit_b16,4,deer,0.9441916346549988
p3_deer_shape__horse_texture_22,vit_b16,4,deer,0.9895325899124146
p3_deer_shape__horse_texture_23,vit_b16,4,deer,0.9976613521575928
p3_deer_shape__horse_texture_24,vit_b16,4,deer,0.9874374270439148
p3_deer_shape__horse_texture_25,vit_b16,4,deer,0.9854907989501953
p3_deer_shape__horse_texture_26,vit_b16,4,deer,0.9748851656913757
p3_deer_shape__horse_texture_27,vit_b16,4,deer,0.960791826248169
p3_deer_shape__horse_texture_28,vit_b16,4,deer,0.455955445766449
p3_deer_shape__horse_texture_29,vit_b16,4,deer,0.9877527952194214
p3_horse_shape__deer_texture_00,vit_b16,6,horse,0.9325643181800842
p3_horse_shape__deer_texture_01,vit_b16,6,horse,0.9505894780158997
p3_horse_shape__deer_texture_02,vit_b16,6,horse,0.9967722296714783
p3_horse_shape__deer_texture_03,vit_b16,6,horse,0.6687705516815186
p3_horse_shape__deer_texture_04,vit_b16,5,dog,0.28412240743637085
p3_horse_shape__deer_texture_05,vit_b16,6,horse,0.9469874501228333
p3_horse_shape__deer_texture_06,vit_b16,6,horse,0.9927427768707275
p3_horse_shape__deer_texture_07,vit_b16,6,horse,0.9529168605804443
p3_horse_shape__deer_texture_08,vit_b16,4,deer,0.5197123289108276
p3_horse_shape__deer_texture_09,vit_b16,1,bird,0.46984925866127014
p3_horse_shape__deer_texture_10,vit_b16,6,horse,0.9577106833457947
p3_horse_shape__deer_texture_11,vit_b16,6,horse,0.931482195854187
p3_horse_shape__deer_texture_12,vit_b16,6,horse,0.984439492225647
p3_horse_shape__deer_texture_13,vit_b16,6,horse,0.9258155226707458
p3_horse_shape__deer_texture_14,vit_b16,4,deer,0.49156928062438965
p3_horse_shape__deer_texture_15,vit_b16,6,horse,0.8524833917617798
p3_horse_shape__deer_texture_16,vit_b16,6,horse,0.918680727481842
p3_horse_shape__deer_texture_17,vit_b16,6,horse,0.6792192459106445
p3_horse_shape__deer_texture_18,vit_b16,6,horse,0.7009062170982361
p3_horse_shape__deer_texture_19,vit_b16,6,horse,0.6351727247238159
p3_horse_shape__deer_texture_20,vit_b16,6,horse,0.8350573778152466
p3_horse_shape__deer_texture_21,vit_b16,5,dog,0.8141871094703674
p3_horse_shape__deer_texture_22,vit_b16,6,horse,0.9878132343292236
p3_horse_shape__deer_texture_23,vit_b16,6,horse,0.9344555139541626
p3_horse_shape__deer_texture_24,vit_b16,6,horse,0.9925587177276611
p3_horse_shape__deer_texture_25,vit_b16,6,horse,0.9059997200965881
p3_horse_shape__deer_texture_26,vit_b16,6,horse,0.9868970513343811
p3_horse_shape__deer_texture_27,vit_b16,6,horse,0.9501037001609802
p3_horse_shape__deer_texture_28,vit_b16,6,horse,0.9864462614059448
p3_horse_shape__deer_texture_29,vit_b16,6,horse,0.939982533454895
p4_monkey_shape__ship_texture_00,vit_b16,0,airplane,0.4469722509384155
p4_monkey_shape__ship_texture_01,vit_b16,0,airplane,0.6384315490722656
p4_monkey_shape__ship_texture_02,vit_b16,7,monkey,0.9958070516586304
p4_monkey_shape__ship_texture_03,vit_b16,0,airplane,0.37145981192588806
p4_monkey_shape__ship_texture_04,vit_b16,7,monkey,0.9971303343772888
p4_monkey_shape__ship_texture_05,vit_b16,0,airplane,0.8269321322441101
p4_monkey_shape__ship_texture_06,vit_b16,3,cat,0.6162621378898621
p4_monkey_shape__ship_texture_07,vit_b16,0,airplane,0.5405467748641968
p4_monkey_shape__ship_texture_08,vit_b16,0,airplane,0.25739842653274536
p4_monkey_shape__ship_texture_09,vit_b16,0,airplane,0.6362792253494263
p4_monkey_shape__ship_texture_10,vit_b16,0,airplane,0.6915022134780884
p4_monkey_shape__ship_texture_11,vit_b16,0,airplane,0.2133156657218933
p4_monkey_shape__ship_texture_12,vit_b16,0,airplane,0.8094871640205383
p4_monkey_shape__ship_texture_13,vit_b16,0,airplane,0.975561797618866
p4_monkey_shape__ship_texture_14,vit_b16,7,monkey,0.8967511057853699
p4_monkey_shape__ship_texture_15,vit_b16,7,monkey,0.9506341814994812
p4_monkey_shape__ship_texture_16,vit_b16,0,airplane,0.4957922697067261
p4_monkey_shape__ship_texture_17,vit_b16,7,monkey,0.8810423016548157
p4_monkey_shape__ship_texture_18,vit_b16,7,monkey,0.9878460764884949
p4_monkey_shape__ship_texture_19,vit_b16,7,monkey,0.8758897185325623
p4_monkey_shape__ship_texture_20,vit_b16,0,airplane,0.25667011737823486
p4_monkey_shape__ship_texture_21,vit_b16,0,airplane,0.24288716912269592
p4_monkey_shape__ship_texture_22,vit_b16,7,monkey,0.7449665069580078
p4_monkey_shape__ship_texture_23,vit_b16,0,airplane,0.9938204884529114
p4_monkey_shape__ship_texture_24,vit_b16,7,monkey,0.9784180521965027
p4_monkey_shape__ship_texture_25,vit_b16,0,airplane,0.9322797060012817
p4_monkey_shape__ship_texture_26,vit_b16,0,airplane,0.5214912295341492
p4_monkey_shape__ship_texture_27,vit_b16,0,airplane,0.6848576664924622
p4_monkey_shape__ship_texture_28,vit_b16,7,monkey,0.9833143949508667
p4_monkey_shape__ship_texture_29,vit_b16,0,airplane,0.6981865167617798
p4_ship_shape__monkey_texture_00,vit_b16,4,deer,0.24059297144412994
p4_ship_shape__monkey_texture_01,vit_b16,8,ship,0.9675049185752869
p4_ship_shape__monkey_texture_02,vit_b16,8,ship,0.9855749607086182
p4_ship_shape__monkey_texture_03,vit_b16,1,bird,0.25707682967185974
p4_ship_shape__monkey_texture_04,vit_b16,8,ship,0.953619122505188
p4_ship_shape__monkey_texture_05,vit_b16,8,ship,0.7413996458053589
p4_ship_shape__monkey_texture_06,vit_b16,8,ship,0.8727714419364929
p4_ship_shape__monkey_texture_07,vit_b16,8,ship,0.927061915397644
p4_ship_shape__monkey_texture_08,vit_b16,6,horse,0.4999138116836548
p4_ship_shape__monkey_texture_09,vit_b16,8,ship,0.5215362906455994
p4_ship_shape__monkey_texture_10,vit_b16,0,airplane,0.5240878462791443
p4_ship_shape__monkey_texture_11,vit_b16,8,ship,0.45434075593948364
p4_ship_shape__monkey_texture_12,vit_b16,8,ship,0.2850070595741272
p4_ship_shape__monkey_texture_13,vit_b16,2,car,0.5501613020896912
p4_ship_shape__monkey_texture_14,vit_b16,7,monkey,0.3631824553012848
p4_ship_shape__monkey_texture_15,vit_b16,8,ship,0.7831212282180786
p4_ship_shape__monkey_texture_16,vit_b16,0,airplane,0.3316221535205841
p4_ship_shape__monkey_texture_17,vit_b16,6,horse,0.1852961778640747
p4_ship_shape__monkey_texture_18,vit_b16,8,ship,0.6115501523017883
p4_ship_shape__monkey_texture_19,vit_b16,7,monkey,0.3614249527454376
p4_ship_shape__monkey_texture_20,vit_b16,5,dog,0.18651364743709564
p4_ship_shape__monkey_texture_21,vit_b16,8,ship,0.7989609241485596
p4_ship_shape__monkey_texture_22,vit_b16,2,car,0.3256058990955353
p4_ship_shape__monkey_texture_23,vit_b16,2,car,0.4830126464366913
p4_ship_shape__monkey_texture_24,vit_b16,8,ship,0.9933329224586487
p4_ship_shape__monkey_texture_25,vit_b16,6,horse,0.25314855575561523
p4_ship_shape__monkey_texture_26,vit_b16,2,car,0.483325719833374
p4_ship_shape__monkey_texture_27,vit_b16,8,ship,0.9211194515228271
p4_ship_shape__monkey_texture_28,vit_b16,8,ship,0.9447321891784668
p4_ship_shape__monkey_texture_29,vit_b16,2,car,0.2683497965335846
p0_airplane_shape__bird_texture_00,clip_vit_b32,0,airplane,0.14378006756305695
p0_airplane_shape__bird_texture_01,clip_vit_b32,0,airplane,0.12302671372890472
p0_airplane_shape__bird_texture_02,clip_vit_b32,0,airplane,0.10743503272533417
p0_airplane_shape__bird_texture_03,clip_vit_b32,0,airplane,0.11740907281637192
p0_airplane_shape__bird_texture_04,clip_vit_b32,0,airplane,0.13800320029258728
p0_airplane_shape__bird_texture_05,clip_vit_b32,1,bird,0.11950366944074631
p0_airplane_shape__bird_texture_06,clip_vit_b32,5,dog,0.10998053848743439
p0_airplane_shape__bird_texture_07,clip_vit_b32,0,airplane,0.11159980297088623
p0_airplane_shape__bird_texture_08,clip_vit_b32,1,bird,0.11204454302787781
p0_airplane_shape__bird_texture_09,clip_vit_b32,1,bird,0.11669320613145828
p0_airplane_shape__bird_texture_10,clip_vit_b32,0,airplane,0.14344900846481323
p0_airplane_shape__bird_texture_11,clip_vit_b32,0,airplane,0.15002363920211792
p0_airplane_shape__bird_texture_12,clip_vit_b32,0,airplane,0.11892841011285782
p0_airplane_shape__bird_texture_13,clip_vit_b32,1,bird,0.10409048199653625
p0_airplane_shape__bird_texture_14,clip_vit_b32,9,truck,0.10636170208454132
p0_airplane_shape__bird_texture_15,clip_vit_b32,0,airplane,0.11835943907499313
p0_airplane_shape__bird_texture_16,clip_vit_b32,0,airplane,0.1518239676952362
p0_airplane_shape__bird_texture_17,clip_vit_b32,0,airplane,0.10774076730012894
p0_airplane_shape__bird_texture_18,clip_vit_b32,1,bird,0.10651785880327225
p0_airplane_shape__bird_texture_19,clip_vit_b32,0,airplane,0.13927960395812988
p0_airplane_shape__bird_texture_20,clip_vit_b32,9,truck,0.10786672681570053
p0_airplane_shape__bird_texture_21,clip_vit_b32,0,airplane,0.12087900191545486
p0_airplane_shape__bird_texture_22,clip_vit_b32,0,airplane,0.12683439254760742
p0_airplane_shape__bird_texture_23,clip_vit_b32,0,airplane,0.13729533553123474
p0_airplane_shape__bird_texture_24,clip_vit_b32,0,airplane,0.10906688123941422
p0_airplane_shape__bird_texture_25,clip_vit_b32,1,bird,0.1182466596364975
p0_airplane_shape__bird_texture_26,clip_vit_b32,9,truck,0.11396650969982147
p0_airplane_shape__bird_texture_27,clip_vit_b32,0,airplane,0.1237792819738388
p0_airplane_shape__bird_texture_28,clip_vit_b32,9,truck,0.10919911414384842
p0_airplane_shape__bird_texture_29,clip_vit_b32,9,truck,0.10665373504161835
p0_bird_shape__airplane_texture_00,clip_vit_b32,1,bird,0.13222740590572357
p0_bird_shape__airplane_texture_01,clip_vit_b32,1,bird,0.16047260165214539
p0_bird_shape__airplane_texture_02,clip_vit_b32,1,bird,0.13739341497421265
p0_bird_shape__airplane_texture_03,clip_vit_b32,9,truck,0.10525772720575333
p0_bird_shape__airplane_texture_04,clip_vit_b32,1,bird,0.1424550712108612
p0_bird_shape__airplane_texture_05,clip_vit_b32,1,bird,0.11213314533233643
p0_bird_shape__airplane_texture_06,clip_vit_b32,1,bird,0.1469571739435196
p0_bird_shape__airplane_texture_07,clip_vit_b32,0,airplane,0.12773890793323517
p0_bird_shape__airplane_texture_08,clip_vit_b32,1,bird,0.14624199271202087
p0_bird_shape__airplane_texture_09,clip_vit_b32,3,cat,0.12162011116743088
p0_bird_shape__airplane_texture_10,clip_vit_b32,1,bird,0.1529465913772583
p0_bird_shape__airplane_texture_11,clip_vit_b32,1,bird,0.11064188182353973
p0_bird_shape__airplane_texture_12,clip_vit_b32,1,bird,0.12321176379919052
p0_bird_shape__airplane_texture_13,clip_vit_b32,1,bird,0.1250925362110138
p0_bird_shape__airplane_texture_14,clip_vit_b32,1,bird,0.15680253505706787
p0_bird_shape__airplane_texture_15,clip_vit_b32,1,bird,0.11134052276611328
p0_bird_shape__airplane_texture_16,clip_vit_b32,1,bird,0.1468944251537323
p0_bird_shape__airplane_texture_17,clip_vit_b32,1,bird,0.15250054001808167
p0_bird_shape__airplane_texture_18,clip_vit_b32,1,bird,0.10908567160367966
p0_bird_shape__airplane_texture_19,clip_vit_b32,1,bird,0.11337611079216003
p0_bird_shape__airplane_texture_20,clip_vit_b32,1,bird,0.12076723575592041
p0_bird_shape__airplane_texture_21,clip_vit_b32,1,bird,0.13797971606254578
p0_bird_shape__airplane_texture_22,clip_vit_b32,1,bird,0.12590815126895905
p0_bird_shape__airplane_texture_23,clip_vit_b32,1,bird,0.1440213918685913
p0_bird_shape__airplane_texture_24,clip_vit_b32,1,bird,0.12647031247615814
p0_bird_shape__airplane_texture_25,clip_vit_b32,1,bird,0.13199420273303986
p0_bird_shape__airplane_texture_26,clip_vit_b32,1,bird,0.11259429156780243
p0_bird_shape__airplane_texture_27,clip_vit_b32,1,bird,0.11926688998937607
p0_bird_shape__airplane_texture_28,clip_vit_b32,1,bird,0.1318972110748291
p0_bird_shape__airplane_texture_29,clip_vit_b32,1,bird,0.12717987596988678
p1_car_shape__truck_texture_00,clip_vit_b32,2,car,0.13341283798217773
p1_car_shape__truck_texture_01,clip_vit_b32,2,car,0.13289637863636017
p1_car_shape__truck_texture_02,clip_vit_b32,2,car,0.1332644522190094
p1_car_shape__truck_texture_03,clip_vit_b32,9,truck,0.11124253273010254
p1_car_shape__truck_texture_04,clip_vit_b32,2,car,0.13511258363723755
p1_car_shape__truck_texture_05,clip_vit_b32,2,car,0.14151836931705475
p1_car_shape__truck_texture_06,clip_vit_b32,2,car,0.1319197416305542
p1_car_shape__truck_texture_07,clip_vit_b32,2,car,0.12408209592103958
p1_car_shape__truck_texture_08,clip_vit_b32,2,car,0.12334331125020981
p1_car_shape__truck_texture_09,clip_vit_b32,9,truck,0.10939250886440277
p1_car_shape__truck_texture_10,clip_vit_b32,2,car,0.1195206567645073
p1_car_shape__truck_texture_11,clip_vit_b32,2,car,0.14105553925037384
p1_car_shape__truck_texture_12,clip_vit_b32,9,truck,0.11153332889080048
p1_car_shape__truck_texture_13,clip_vit_b32,2,car,0.15186618268489838
p1_car_shape__truck_texture_14,clip_vit_b32,2,car,0.13412538170814514
p1_car_shape__truck_texture_15,clip_vit_b32,2,car,0.15189257264137268
p1_car_shape__truck_texture_16,clip_vit_b32,2,car,0.13640491664409637
p1_car_shape__truck_texture_17,clip_vit_b32,2,car,0.1499994546175003
p1_car_shape__truck_texture_18,clip_vit_b32,2,car,0.12116531282663345
p1_car_shape__truck_texture_19,clip_vit_b32,2,car,0.14540809392929077
p1_car_shape__truck_texture_20,clip_vit_b32,2,car,0.14055949449539185
p1_car_shape__truck_texture_21,clip_vit_b32,2,car,0.14768463373184204
p1_car_shape__truck_texture_22,clip_vit_b32,2,car,0.1361178159713745
p1_car_shape__truck_texture_23,clip_vit_b32,2,car,0.13690467178821564
p1_car_shape__truck_texture_24,clip_vit_b32,9,truck,0.11714214086532593
p1_car_shape__truck_texture_25,clip_vit_b32,2,car,0.13371415436267853
p1_car_shape__truck_texture_26,clip_vit_b32,2,car,0.150056853890419
p1_car_shape__truck_texture_27,clip_vit_b32,9,truck,0.11499546468257904
p1_car_shape__truck_texture_28,clip_vit_b32,2,car,0.12200360745191574
p1_car_shape__truck_texture_29,clip_vit_b32,9,truck,0.12134166061878204
p1_truck_shape__car_texture_00,clip_vit_b32,9,truck,0.11490621417760849
p1_truck_shape__car_texture_01,clip_vit_b32,9,truck,0.15223267674446106
p1_truck_shape__car_texture_02,clip_vit_b32,9,truck,0.14880377054214478
p1_truck_shape__car_texture_03,clip_vit_b32,9,truck,0.13623477518558502
p1_truck_shape__car_texture_04,clip_vit_b32,9,truck,0.11575230211019516
p1_truck_shape__car_texture_05,clip_vit_b32,9,truck,0.14952577650547028
p1_truck_shape__car_texture_06,clip_vit_b32,9,truck,0.14737722277641296
p1_truck_shape__car_texture_07,clip_vit_b32,9,truck,0.11373419314622879
p1_truck_shape__car_texture_08,clip_vit_b32,9,truck,0.13765548169612885
p1_truck_shape__car_texture_09,clip_vit_b32,9,truck,0.15332050621509552
p1_truck_shape__car_texture_10,clip_vit_b32,9,truck,0.1218532845377922
p1_truck_shape__car_texture_11,clip_vit_b32,9,truck,0.12741459906101227
p1_truck_shape__car_texture_12,clip_vit_b32,9,truck,0.11671357601881027
p1_truck_shape__car_texture_13,clip_vit_b32,9,truck,0.10746797919273376
p1_truck_shape__car_texture_14,clip_vit_b32,9,truck,0.13529212772846222
p1_truck_shape__car_texture_15,clip_vit_b32,9,truck,0.12826798856258392
p1_truck_shape__car_texture_16,clip_vit_b32,9,truck,0.12160507589578629
p1_truck_shape__car_texture_17,clip_vit_b32,9,truck,0.15177473425865173
p1_truck_shape__car_texture_18,clip_vit_b32,9,truck,0.11157393455505371
p1_truck_shape__car_texture_19,clip_vit_b32,9,truck,0.12103036791086197
p1_truck_shape__car_texture_20,clip_vit_b32,9,truck,0.13585259020328522
p1_truck_shape__car_texture_21,clip_vit_b32,9,truck,0.12116510421037674
p1_truck_shape__car_texture_22,clip_vit_b32,9,truck,0.14326830208301544
p1_truck_shape__car_texture_23,clip_vit_b32,9,truck,0.13253594934940338
p1_truck_shape__car_texture_24,clip_vit_b32,9,truck,0.1135513186454773
p1_truck_shape__car_texture_25,clip_vit_b32,9,truck,0.1420697569847107
p1_truck_shape__car_texture_26,clip_vit_b32,9,truck,0.15392611920833588
p1_truck_shape__car_texture_27,clip_vit_b32,9,truck,0.1390034258365631
p1_truck_shape__car_texture_28,clip_vit_b32,9,truck,0.15680131316184998
p1_truck_shape__car_texture_29,clip_vit_b32,9,truck,0.1364145278930664
p2_cat_shape__dog_texture_00,clip_vit_b32,6,horse,0.11137880384922028
p2_cat_shape__dog_texture_01,clip_vit_b32,7,monkey,0.15359880030155182
p2_cat_shape__dog_texture_02,clip_vit_b32,3,cat,0.13352657854557037
p2_cat_shape__dog_texture_03,clip_vit_b32,3,cat,0.1363123208284378
p2_cat_shape__dog_texture_04,clip_vit_b32,3,cat,0.14203152060508728
p2_cat_shape__dog_texture_05,clip_vit_b32,3,cat,0.10787981748580933
p2_cat_shape__dog_texture_06,clip_vit_b32,3,cat,0.12734319269657135
p2_cat_shape__dog_texture_07,clip_vit_b32,3,cat,0.14722567796707153
p2_cat_shape__dog_texture_08,clip_vit_b32,3,cat,0.14382876455783844
p2_cat_shape__dog_texture_09,clip_vit_b32,3,cat,0.13760344684123993
p2_cat_shape__dog_texture_10,clip_vit_b32,5,dog,0.13258834183216095
p2_cat_shape__dog_texture_11,clip_vit_b32,3,cat,0.14323677122592926
p2_cat_shape__dog_texture_12,clip_vit_b32,3,cat,0.12781472504138947
p2_cat_shape__dog_texture_13,clip_vit_b32,3,cat,0.15582484006881714
p2_cat_shape__dog_texture_14,clip_vit_b32,7,monkey,0.12803278863430023
p2_cat_shape__dog_texture_15,clip_vit_b32,3,cat,0.14321407675743103
p2_cat_shape__dog_texture_16,clip_vit_b32,3,cat,0.12390423566102982
p2_cat_shape__dog_texture_17,clip_vit_b32,1,bird,0.10871605575084686
p2_cat_shape__dog_texture_18,clip_vit_b32,7,monkey,0.12883667647838593
p2_cat_shape__dog_texture_19,clip_vit_b32,3,cat,0.13103607296943665
p2_cat_shape__dog_texture_20,clip_vit_b32,3,cat,0.12239079177379608
p2_cat_shape__dog_texture_21,clip_vit_b32,5,dog,0.1340569406747818
p2_cat_shape__dog_texture_22,clip_vit_b32,3,cat,0.15120576322078705
p2_cat_shape__dog_texture_23,clip_vit_b32,1,bird,0.10695993900299072
p2_cat_shape__dog_texture_24,clip_vit_b32,7,monkey,0.12378749251365662
p2_cat_shape__dog_texture_25,clip_vit_b32,3,cat,0.10566430538892746
p2_cat_shape__dog_texture_26,clip_vit_b32,3,cat,0.14529022574424744
p2_cat_shape__dog_texture_27,clip_vit_b32,3,cat,0.1150769367814064
p2_cat_shape__dog_texture_28,clip_vit_b32,5,dog,0.11846410483121872
p2_cat_shape__dog_texture_29,clip_vit_b32,3,cat,0.12381847947835922
p2_dog_shape__cat_texture_00,clip_vit_b32,5,dog,0.11210854351520538
p2_dog_shape__cat_texture_01,clip_vit_b32,3,cat,0.117484912276268
p2_dog_shape__cat_texture_02,clip_vit_b32,5,dog,0.13747987151145935
p2_dog_shape__cat_texture_03,clip_vit_b32,3,cat,0.140663281083107
p2_dog_shape__cat_texture_04,clip_vit_b32,9,truck,0.10862959921360016
p2_dog_shape__cat_texture_05,clip_vit_b32,4,deer,0.11644187569618225
p2_dog_shape__cat_texture_06,clip_vit_b32,5,dog,0.13446198403835297
p2_dog_shape__cat_texture_07,clip_vit_b32,5,dog,0.13643506169319153
p2_dog_shape__cat_texture_08,clip_vit_b32,5,dog,0.14053498208522797
p2_dog_shape__cat_texture_09,clip_vit_b32,3,cat,0.12381760030984879
p2_dog_shape__cat_texture_10,clip_vit_b32,6,horse,0.1108267605304718
p2_dog_shape__cat_texture_11,clip_vit_b32,5,dog,0.15025484561920166
p2_dog_shape__cat_texture_12,clip_vit_b32,5,dog,0.15499632060527802
p2_dog_shape__cat_texture_13,clip_vit_b32,4,deer,0.13465388119220734
p2_dog_shape__cat_texture_14,clip_vit_b32,9,truck,0.10503094643354416
p2_dog_shape__cat_texture_15,clip_vit_b32,5,dog,0.12582921981811523
p2_dog_shape__cat_texture_16,clip_vit_b32,5,dog,0.13816778361797333
p2_dog_shape__cat_texture_17,clip_vit_b32,5,dog,0.1277884542942047
p2_dog_shape__cat_texture_18,clip_vit_b32,5,dog,0.13660122454166412
p2_dog_shape__cat_texture_19,clip_vit_b32,5,dog,0.13373465836048126
p2_dog_shape__cat_texture_20,clip_vit_b32,5,dog,0.1272708624601364
p2_dog_shape__cat_texture_21,clip_vit_b32,5,dog,0.14577554166316986
p2_dog_shape__cat_texture_22,clip_vit_b32,5,dog,0.14609940350055695
p2_dog_shape__cat_texture_23,clip_vit_b32,5,dog,0.15830032527446747
p2_dog_shape__cat_texture_24,clip_vit_b32,4,deer,0.12333518266677856
p2_dog_shape__cat_texture_25,clip_vit_b32,7,monkey,0.11635960638523102
p2_dog_shape__cat_texture_26,clip_vit_b32,3,cat,0.12283110618591309
p2_dog_shape__cat_texture_27,clip_vit_b32,5,dog,0.13958856463432312
p2_dog_shape__cat_texture_28,clip_vit_b32,5,dog,0.14234659075737
p2_dog_shape__cat_texture_29,clip_vit_b32,5,dog,0.14920547604560852
p3_deer_shape__horse_texture_00,clip_vit_b32,4,deer,0.1665707379579544
p3_deer_shape__horse_texture_01,clip_vit_b32,4,deer,0.16712014377117157
p3_deer_shape__horse_texture_02,clip_vit_b32,6,horse,0.13949719071388245
p3_deer_shape__horse_texture_03,clip_vit_b32,4,deer,0.14585769176483154
p3_deer_shape__horse_texture_04,clip_vit_b32,4,deer,0.12891101837158203
p3_deer_shape__horse_texture_05,clip_vit_b32,4,deer,0.13665525615215302
p3_deer_shape__horse_texture_06,clip_vit_b32,4,deer,0.12271979451179504
p3_deer_shape__horse_texture_07,clip_vit_b32,4,deer,0.15036745369434357
p3_deer_shape__horse_texture_08,clip_vit_b32,4,deer,0.1569303274154663
p3_deer_shape__horse_texture_09,clip_vit_b32,3,cat,0.11846798658370972
p3_deer_shape__horse_texture_10,clip_vit_b32,4,deer,0.14305858314037323
p3_deer_shape__horse_texture_11,clip_vit_b32,4,deer,0.1224944218993187
p3_deer_shape__horse_texture_12,clip_vit_b32,4,deer,0.1297360509634018
p3_deer_shape__horse_texture_13,clip_vit_b32,4,deer,0.13039204478263855
p3_deer_shape__horse_texture_14,clip_vit_b32,4,deer,0.14462284743785858
p3_deer_shape__horse_texture_15,clip_vit_b32,4,deer,0.12088169157505035
p3_deer_shape__horse_texture_16,clip_vit_b32,4,deer,0.16402454674243927
p3_deer_shape__horse_texture_17,clip_vit_b32,4,deer,0.14347562193870544
p3_deer_shape__horse_texture_18,clip_vit_b32,4,deer,0.13577240705490112
p3_deer_shape__horse_texture_19,clip_vit_b32,4,deer,0.16002793610095978
p3_deer_shape__horse_texture_20,clip_vit_b32,4,deer,0.14212417602539062
p3_deer_shape__horse_texture_21,clip_vit_b32,4,deer,0.14304174482822418
p3_deer_shape__horse_texture_22,clip_vit_b32,4,deer,0.13574066758155823
p3_deer_shape__horse_texture_23,clip_vit_b32,4,deer,0.16353633999824524
p3_deer_shape__horse_texture_24,clip_vit_b32,4,deer,0.1549188196659088
p3_deer_shape__horse_texture_25,clip_vit_b32,4,deer,0.14621366560459137
p3_deer_shape__horse_texture_26,clip_vit_b32,4,deer,0.16049636900424957
p3_deer_shape__horse_texture_27,clip_vit_b32,4,deer,0.1324048489332199
p3_deer_shape__horse_texture_28,clip_vit_b32,7,monkey,0.14267976582050323
p3_deer_shape__horse_texture_29,clip_vit_b32,4,deer,0.16655205190181732
p3_horse_shape__deer_texture_00,clip_vit_b32,6,horse,0.13316881656646729
p3_horse_shape__deer_texture_01,clip_vit_b32,6,horse,0.15633687376976013
p3_horse_shape__deer_texture_02,clip_vit_b32,6,horse,0.151751309633255
p3_horse_shape__deer_texture_03,clip_vit_b32,6,horse,0.14533551037311554
p3_horse_shape__deer_texture_04,clip_vit_b32,6,horse,0.11646341532468796
p3_horse_shape__deer_texture_05,clip_vit_b32,6,horse,0.13109837472438812
p3_horse_shape__deer_texture_06,clip_vit_b32,6,horse,0.16264361143112183
p3_horse_shape__deer_texture_07,clip_vit_b32,6,horse,0.12964296340942383
p3_horse_shape__deer_texture_08,clip_vit_b32,6,horse,0.13646037876605988
p3_horse_shape__deer_texture_09,clip_vit_b32,6,horse,0.15177021920681
p3_horse_shape__deer_texture_10,clip_vit_b32,6,horse,0.14824044704437256
p3_horse_shape__deer_texture_11,clip_vit_b32,6,horse,0.15493462979793549
p3_horse_shape__deer_texture_12,clip_vit_b32,6,horse,0.15752846002578735
p3_horse_shape__deer_texture_13,clip_vit_b32,6,horse,0.12685038149356842
p3_horse_shape__deer_texture_14,clip_vit_b32,6,horse,0.1490771323442459
p3_horse_shape__deer_texture_15,clip_vit_b32,4,deer,0.13044585287570953
p3_horse_shape__deer_texture_16,clip_vit_b32,6,horse,0.1594085842370987
p3_horse_shape__deer_texture_17,clip_vit_b32,6,horse,0.149766206741333
p3_horse_shape__deer_texture_18,clip_vit_b32,6,horse,0.14049723744392395
p3_horse_shape__deer_texture_19,clip_vit_b32,1,bird,0.10843504220247269
p3_horse_shape__deer_texture_20,clip_vit_b32,6,horse,0.12596173584461212
p3_horse_shape__deer_texture_21,clip_vit_b32,6,horse,0.14338418841362
p3_horse_shape__deer_texture_22,clip_vit_b32,6,horse,0.1708788275718689
p3_horse_shape__deer_texture_23,clip_vit_b32,6,horse,0.1538107842206955
p3_horse_shape__deer_texture_24,clip_vit_b32,6,horse,0.13972687721252441
p3_horse_shape__deer_texture_25,clip_vit_b32,6,horse,0.13400867581367493
p3_horse_shape__deer_texture_26,clip_vit_b32,6,horse,0.14491207897663116
p3_horse_shape__deer_texture_27,clip_vit_b32,6,horse,0.14680975675582886
p3_horse_shape__deer_texture_28,clip_vit_b32,6,horse,0.1377420872449875
p3_horse_shape__deer_texture_29,clip_vit_b32,6,horse,0.1453392207622528
p4_monkey_shape__ship_texture_00,clip_vit_b32,1,bird,0.10779724270105362
p4_monkey_shape__ship_texture_01,clip_vit_b32,9,truck,0.1119658499956131
p4_monkey_shape__ship_texture_02,clip_vit_b32,7,monkey,0.11909163743257523
p4_monkey_shape__ship_texture_03,clip_vit_b32,9,truck,0.10809505730867386
p4_monkey_shape__ship_texture_04,clip_vit_b32,1,bird,0.1148056834936142
p4_monkey_shape__ship_texture_05,clip_vit_b32,1,bird,0.11301686614751816
p4_monkey_shape__ship_texture_06,clip_vit_b32,9,truck,0.10582347214221954
p4_monkey_shape__ship_texture_07,clip_vit_b32,9,truck,0.1066630408167839
p4_monkey_shape__ship_texture_08,clip_vit_b32,3,cat,0.10898619145154953
p4_monkey_shape__ship_texture_09,clip_vit_b32,9,truck,0.11144498735666275
p4_monkey_shape__ship_texture_10,clip_vit_b32,1,bird,0.10988060384988785
p4_monkey_shape__ship_texture_11,clip_vit_b32,9,truck,0.10581107437610626
p4_monkey_shape__ship_texture_12,clip_vit_b32,0,airplane,0.11269460618495941
p4_monkey_shape__ship_texture_13,clip_vit_b32,9,truck,0.10814744234085083
p4_monkey_shape__ship_texture_14,clip_vit_b32,9,truck,0.10653349757194519
p4_monkey_shape__ship_texture_15,clip_vit_b32,9,truck,0.1077180728316307
p4_monkey_shape__ship_texture_16,clip_vit_b32,9,truck,0.10718405246734619
p4_monkey_shape__ship_texture_17,clip_vit_b32,1,bird,0.12838315963745117
p4_monkey_shape__ship_texture_18,clip_vit_b32,7,monkey,0.12657657265663147
p4_monkey_shape__ship_texture_19,clip_vit_b32,7,monkey,0.10917764157056808
p4_monkey_shape__ship_texture_20,clip_vit_b32,9,truck,0.10427825897932053
p4_monkey_shape__ship_texture_21,clip_vit_b32,9,truck,0.10609613358974457
p4_monkey_shape__ship_texture_22,clip_vit_b32,1,bird,0.11891119182109833
p4_monkey_shape__ship_texture_23,clip_vit_b32,1,bird,0.10914446413516998
p4_monkey_shape__ship_texture_24,clip_vit_b32,1,bird,0.11091654002666473
p4_monkey_shape__ship_texture_25,clip_vit_b32,9,truck,0.11052697151899338
p4_monkey_shape__ship_texture_26,clip_vit_b32,9,truck,0.10914938896894455
p4_monkey_shape__ship_texture_27,clip_vit_b32,3,cat,0.10638504475355148
p4_monkey_shape__ship_texture_28,clip_vit_b32,7,monkey,0.12713316082954407
p4_monkey_shape__ship_texture_29,clip_vit_b32,0,airplane,0.10443234443664551
p4_ship_shape__monkey_texture_00,clip_vit_b32,0,airplane,0.1077679842710495
p4_ship_shape__monkey_texture_01,clip_vit_b32,8,ship,0.13319337368011475
p4_ship_shape__monkey_texture_02,clip_vit_b32,8,ship,0.1395951509475708
p4_ship_shape__monkey_texture_03,clip_vit_b32,1,bird,0.10652397572994232
p4_ship_shape__monkey_texture_04,clip_vit_b32,8,ship,0.13306842744350433
p4_ship_shape__monkey_texture_05,clip_vit_b32,8,ship,0.11082921922206879
p4_ship_shape__monkey_texture_06,clip_vit_b32,8,ship,0.13079386949539185
p4_ship_shape__monkey_texture_07,clip_vit_b32,8,ship,0.1540684700012207
p4_ship_shape__monkey_texture_08,clip_vit_b32,9,truck,0.11288988590240479
p4_ship_shape__monkey_texture_09,clip_vit_b32,9,truck,0.11144580692052841
p4_ship_shape__monkey_texture_10,clip_vit_b32,9,truck,0.11341020464897156
p4_ship_shape__monkey_texture_11,clip_vit_b32,8,ship,0.11537560075521469
p4_ship_shape__monkey_texture_12,clip_vit_b32,8,ship,0.10920357704162598
p4_ship_shape__monkey_texture_13,clip_vit_b32,1,bird,0.10998140275478363
p4_ship_shape__monkey_texture_14,clip_vit_b32,9,truck,0.11425358802080154
p4_ship_shape__monkey_texture_15,clip_vit_b32,9,truck,0.11153353750705719
p4_ship_shape__monkey_texture_16,clip_vit_b32,9,truck,0.1128954142332077
p4_ship_shape__monkey_texture_17,clip_vit_b32,9,truck,0.10685157030820847
p4_ship_shape__monkey_texture_18,clip_vit_b32,8,ship,0.12622301280498505
p4_ship_shape__monkey_texture_19,clip_vit_b32,9,truck,0.11035773158073425
p4_ship_shape__monkey_texture_20,clip_vit_b32,8,ship,0.11192154884338379
p4_ship_shape__monkey_texture_21,clip_vit_b32,9,truck,0.11280005425214767
p4_ship_shape__monkey_texture_22,clip_vit_b32,9,truck,0.10737904161214828
p4_ship_shape__monkey_texture_23,clip_vit_b32,9,truck,0.11428402364253998
p4_ship_shape__monkey_texture_24,clip_vit_b32,8,ship,0.13956384360790253
p4_ship_shape__monkey_texture_25,clip_vit_b32,9,truck,0.10411672294139862
p4_ship_shape__monkey_texture_26,clip_vit_b32,9,truck,0.11191429197788239
p4_ship_shape__monkey_texture_27,clip_vit_b32,8,ship,0.1265595257282257
p4_ship_shape__monkey_texture_28,clip_vit_b32,8,ship,0.11403416842222214
p4_ship_shape__monkey_texture_29,clip_vit_b32,9,truck,0.11265039443969727
p0_airplane_shape__bird_texture_00,clip_zeroshot,0,airplane,0.9465318322181702
p0_airplane_shape__bird_texture_01,clip_zeroshot,0,airplane,0.8730529546737671
p0_airplane_shape__bird_texture_02,clip_zeroshot,8,ship,0.4066815972328186
p0_airplane_shape__bird_texture_03,clip_zeroshot,0,airplane,0.5030703544616699
p0_airplane_shape__bird_texture_04,clip_zeroshot,0,airplane,0.9284299612045288
p0_airplane_shape__bird_texture_05,clip_zeroshot,1,bird,0.430301308631897
p0_airplane_shape__bird_texture_06,clip_zeroshot,4,deer,0.3611490726470947
p0_airplane_shape__bird_texture_07,clip_zeroshot,0,airplane,0.3245541751384735
p0_airplane_shape__bird_texture_08,clip_zeroshot,1,bird,0.6373790502548218
p0_airplane_shape__bird_texture_09,clip_zeroshot,1,bird,0.5336170792579651
p0_airplane_shape__bird_texture_10,clip_zeroshot,0,airplane,0.9533044099807739
p0_airplane_shape__bird_texture_11,clip_zeroshot,0,airplane,0.8493114113807678
p0_airplane_shape__bird_texture_12,clip_zeroshot,1,bird,0.6533826589584351
p0_airplane_shape__bird_texture_13,clip_zeroshot,1,bird,0.3550284802913666
p0_airplane_shape__bird_texture_14,clip_zeroshot,1,bird,0.32459139823913574
p0_airplane_shape__bird_texture_15,clip_zeroshot,0,airplane,0.683783233165741
p0_airplane_shape__bird_texture_16,clip_zeroshot,0,airplane,0.9620696902275085
p0_airplane_shape__bird_texture_17,clip_zeroshot,8,ship,0.3326197564601898
p0_airplane_shape__bird_texture_18,clip_zeroshot,1,bird,0.2844151556491852
p0_airplane_shape__bird_texture_19,clip_zeroshot,0,airplane,0.892841637134552
p0_airplane_shape__bird_texture_20,clip_zeroshot,8,ship,0.4397450387477875
p0_airplane_shape__bird_texture_21,clip_zeroshot,0,airplane,0.3577714264392853
p0_airplane_shape__bird_texture_22,clip_zeroshot,0,airplane,0.6320865750312805
p0_airplane_shape__bird_texture_23,clip_zeroshot,0,airplane,0.8285806179046631
p0_airplane_shape__bird_texture_24,clip_zeroshot,0,airplane,0.7042317390441895
p0_airplane_shape__bird_texture_25,clip_zeroshot,1,bird,0.6109877228736877
p0_airplane_shape__bird_texture_26,clip_zeroshot,0,airplane,0.32937192916870117
p0_airplane_shape__bird_texture_27,clip_zeroshot,8,ship,0.5129165649414062
p0_airplane_shape__bird_texture_28,clip_zeroshot,8,ship,0.32105758786201477
p0_airplane_shape__bird_texture_29,clip_zeroshot,1,bird,0.3138160705566406
p0_bird_shape__airplane_texture_00,clip_zeroshot,1,bird,0.9629825949668884
p0_bird_shape__airplane_texture_01,clip_zeroshot,1,bird,0.9944557547569275
p0_bird_shape__airplane_texture_02,clip_zeroshot,1,bird,0.8939126133918762
p0_bird_shape__airplane_texture_03,clip_zeroshot,8,ship,0.31193190813064575
p0_bird_shape__airplane_texture_04,clip_zeroshot,1,bird,0.9934252500534058
p0_bird_shape__airplane_texture_05,clip_zeroshot,8,ship,0.34194672107696533
p0_bird_shape__airplane_texture_06,clip_zeroshot,1,bird,0.9866026639938354
p0_bird_shape__airplane_texture_07,clip_zeroshot,0,airplane,0.6049569845199585
p0_bird_shape__airplane_texture_08,clip_zeroshot,1,bird,0.9676465392112732
p0_bird_shape__airplane_texture_09,clip_zeroshot,3,cat,0.3718903362751007
p0_bird_shape__airplane_texture_10,clip_zeroshot,1,bird,0.997536301612854
p0_bird_shape__airplane_texture_11,clip_zeroshot,1,bird,0.35711804032325745
p0_bird_shape__airplane_texture_12,clip_zeroshot,1,bird,0.9356160163879395
p0_bird_shape__airplane_texture_13,clip_zeroshot,1,bird,0.9716450572013855
p0_bird_shape__airplane_texture_14,clip_zeroshot,1,bird,0.9966228008270264
p0_bird_shape__airplane_texture_15,clip_zeroshot,8,ship,0.31864476203918457
p0_bird_shape__airplane_texture_16,clip_zeroshot,1,bird,0.9875259399414062
p0_bird_shape__airplane_texture_17,clip_zeroshot,1,bird,0.9977020621299744
p0_bird_shape__airplane_texture_18,clip_zeroshot,8,ship,0.30785781145095825
p0_bird_shape__airplane_texture_19,clip_zeroshot,1,bird,0.5961393713951111
p0_bird_shape__airplane_texture_20,clip_zeroshot,1,bird,0.9427024126052856
p0_bird_shape__airplane_texture_21,clip_zeroshot,1,bird,0.9802215695381165
p0_bird_shape__airplane_texture_22,clip_zeroshot,1,bird,0.9587599635124207
p0_bird_shape__airplane_texture_23,clip_zeroshot,1,bird,0.9922153353691101
p0_bird_shape__airplane_texture_24,clip_zeroshot,1,bird,0.9461929798126221
p0_bird_shape__airplane_texture_25,clip_zeroshot,1,bird,0.8862096667289734
p0_bird_shape__airplane_texture_26,clip_zeroshot,1,bird,0.7611663937568665
p0_bird_shape__airplane_texture_27,clip_zeroshot,1,bird,0.8631845712661743
p0_bird_shape__airplane_texture_28,clip_zeroshot,1,bird,0.969448983669281
p0_bird_shape__airplane_texture_29,clip_zeroshot,1,bird,0.9573896527290344
p1_car_shape__truck_texture_00,clip_zeroshot,2,car,0.7545624375343323
p1_car_shape__truck_texture_01,clip_zeroshot,2,car,0.7091074585914612
p1_car_shape__truck_texture_02,clip_zeroshot,2,car,0.7050690650939941
p1_car_shape__truck_texture_03,clip_zeroshot,2,car,0.3818848133087158
p1_car_shape__truck_texture_04,clip_zeroshot,2,car,0.6628758907318115
p1_car_shape__truck_texture_05,clip_zeroshot,2,car,0.9768623113632202
p1_car_shape__truck_texture_06,clip_zeroshot,2,car,0.7896560430526733
p1_car_shape__truck_texture_07,clip_zeroshot,2,car,0.5846492052078247
p1_car_shape__truck_texture_08,clip_zeroshot,2,car,0.695238471031189
p1_car_shape__truck_texture_09,clip_zeroshot,2,car,0.2616507112979889
p1_car_shape__truck_texture_10,clip_zeroshot,9,truck,0.7220078706741333
p1_car_shape__truck_texture_11,clip_zeroshot,2,car,0.9538125991821289
p1_car_shape__truck_texture_12,clip_zeroshot,1,bird,0.30893924832344055
p1_car_shape__truck_texture_13,clip_zeroshot,2,car,0.9610292315483093
p1_car_shape__truck_texture_14,clip_zeroshot,2,car,0.931935727596283
p1_car_shape__truck_texture_15,clip_zeroshot,2,car,0.9717905521392822
p1_car_shape__truck_texture_16,clip_zeroshot,2,car,0.8594345450401306
p1_car_shape__truck_texture_17,clip_zeroshot,2,car,0.924735963344574
p1_car_shape__truck_texture_18,clip_zeroshot,2,car,0.6346766948699951
p1_car_shape__truck_texture_19,clip_zeroshot,2,car,0.841446042060852
p1_car_shape__truck_texture_20,clip_zeroshot,2,car,0.7344514727592468
p1_car_shape__truck_texture_21,clip_zeroshot,2,car,0.9617776274681091
p1_car_shape__truck_texture_22,clip_zeroshot,2,car,0.7145928740501404
p1_car_shape__truck_texture_23,clip_zeroshot,2,car,0.9470013380050659
p1_car_shape__truck_texture_24,clip_zeroshot,9,truck,0.5899364352226257
p1_car_shape__truck_texture_25,clip_zeroshot,2,car,0.5131968259811401
p1_car_shape__truck_texture_26,clip_zeroshot,2,car,0.9799957871437073
p1_car_shape__truck_texture_27,clip_zeroshot,2,car,0.6385989189147949
p1_car_shape__truck_texture_28,clip_zeroshot,2,car,0.6730131506919861
p1_car_shape__truck_texture_29,clip_zeroshot,9,truck,0.8348792791366577
p1_truck_shape__car_texture_00,clip_zeroshot,9,truck,0.26706480979919434
p1_truck_shape__car_texture_01,clip_zeroshot,9,truck,0.9901808500289917
p1_truck_shape__car_texture_02,clip_zeroshot,9,truck,0.9766902327537537
p1_truck_shape__car_texture_03,clip_zeroshot,9,truck,0.785724401473999
p1_truck_shape__car_texture_04,clip_zeroshot,2,car,0.5040425062179565
p1_truck_shape__car_texture_05,clip_zeroshot,9,truck,0.9700775742530823
p1_truck_shape__car_texture_06,clip_zeroshot,9,truck,0.987366795539856
p1_truck_shape__car_texture_07,clip_zeroshot,9,truck,0.3561001420021057
p1_truck_shape__car_texture_08,clip_zeroshot,9,truck,0.933733344078064
p1_truck_shape__car_texture_09,clip_zeroshot,9,truck,0.9956746697425842
p1_truck_shape__car_texture_10,clip_zeroshot,9,truck,0.5790313482284546
p1_truck_shape__car_texture_11,clip_zeroshot,9,truck,0.6961666941642761
p1_truck_shape__car_texture_12,clip_zeroshot,2,car,0.4789336323738098
p1_truck_shape__car_texture_13,clip_zeroshot,2,car,0.258497029542923
p1_truck_shape__car_texture_14,clip_zeroshot,9,truck,0.9122416973114014
p1_truck_shape__car_texture_15,clip_zeroshot,9,truck,0.7673091292381287
p1_truck_shape__car_texture_16,clip_zeroshot,2,car,0.3648124635219574
p1_truck_shape__car_texture_17,clip_zeroshot,9,truck,0.9922106266021729
p1_truck_shape__car_texture_18,clip_zeroshot,8,ship,0.5079664587974548
p1_truck_shape__car_texture_19,clip_zeroshot,9,truck,0.6172189712524414
p1_truck_shape__car_texture_20,clip_zeroshot,9,truck,0.9582016468048096
p1_truck_shape__car_texture_21,clip_zeroshot,9,truck,0.5833708643913269
p1_truck_shape__car_texture_22,clip_zeroshot,9,truck,0.990675151348114
p1_truck_shape__car_texture_23,clip_zeroshot,9,truck,0.9125792384147644
p1_truck_shape__car_texture_24,clip_zeroshot,2,car,0.4489153325557709
p1_truck_shape__car_texture_25,clip_zeroshot,9,truck,0.9152336716651917
p1_truck_shape__car_texture_26,clip_zeroshot,9,truck,0.9909576177597046
p1_truck_shape__car_texture_27,clip_zeroshot,9,truck,0.9673543572425842
p1_truck_shape__car_texture_28,clip_zeroshot,9,truck,0.988753080368042
p1_truck_shape__car_texture_29,clip_zeroshot,9,truck,0.9497501254081726
p2_cat_shape__dog_texture_00,clip_zeroshot,6,horse,0.7748159170150757
p2_cat_shape__dog_texture_01,clip_zeroshot,7,monkey,0.9888181090354919
p2_cat_shape__dog_texture_02,clip_zeroshot,3,cat,0.8442649245262146
p2_cat_shape__dog_texture_03,clip_zeroshot,3,cat,0.8153908848762512
p2_cat_shape__dog_texture_04,clip_zeroshot,3,cat,0.8076298236846924
p2_cat_shape__dog_texture_05,clip_zeroshot,5,dog,0.2973150610923767
p2_cat_shape__dog_texture_06,clip_zeroshot,3,cat,0.6818878650665283
p2_cat_shape__dog_texture_07,clip_zeroshot,3,cat,0.8897228837013245
p2_cat_shape__dog_texture_08,clip_zeroshot,3,cat,0.9734562039375305
p2_cat_shape__dog_texture_09,clip_zeroshot,3,cat,0.9414564967155457
p2_cat_shape__dog_texture_10,clip_zeroshot,5,dog,0.8811618685722351
p2_cat_shape__dog_texture_11,clip_zeroshot,3,cat,0.9674989581108093
p2_cat_shape__dog_texture_12,clip_zeroshot,3,cat,0.7696948051452637
p2_cat_shape__dog_texture_13,clip_zeroshot,3,cat,0.9769533276557922
p2_cat_shape__dog_texture_14,clip_zeroshot,7,monkey,0.9157742261886597
p2_cat_shape__dog_texture_15,clip_zeroshot,3,cat,0.9818236231803894
p2_cat_shape__dog_texture_16,clip_zeroshot,4,deer,0.3507976233959198
p2_cat_shape__dog_texture_17,clip_zeroshot,1,bird,0.5415838956832886
p2_cat_shape__dog_texture_18,clip_zeroshot,7,monkey,0.8334535360336304
p2_cat_shape__dog_texture_19,clip_zeroshot,3,cat,0.7393259406089783
p2_cat_shape__dog_texture_20,clip_zeroshot,3,cat,0.6628445386886597
p2_cat_shape__dog_texture_21,clip_zeroshot,5,dog,0.722474217414856
p2_cat_shape__dog_texture_22,clip_zeroshot,3,cat,0.9797348976135254
p2_cat_shape__dog_texture_23,clip_zeroshot,1,bird,0.3260774314403534
p2_cat_shape__dog_texture_24,clip_zeroshot,7,monkey,0.7205826640129089
p2_cat_shape__dog_texture_25,clip_zeroshot,8,ship,0.49618658423423767
p2_cat_shape__dog_texture_26,clip_zeroshot,3,cat,0.9729798436164856
p2_cat_shape__dog_texture_27,clip_zeroshot,3,cat,0.4941951632499695
p2_cat_shape__dog_texture_28,clip_zeroshot,5,dog,0.5251528024673462
p2_cat_shape__dog_texture_29,clip_zeroshot,3,cat,0.4954575002193451
p2_dog_shape__cat_texture_00,clip_zeroshot,5,dog,0.27782222628593445
p2_dog_shape__cat_texture_01,clip_zeroshot,3,cat,0.382632315158844
p2_dog_shape__cat_texture_02,clip_zeroshot,5,dog,0.8760246634483337
p2_dog_shape__cat_texture_03,clip_zeroshot,3,cat,0.777441680431366
p2_dog_shape__cat_texture_04,clip_zeroshot,7,monkey,0.31496232748031616
p2_dog_shape__cat_texture_05,clip_zeroshot,4,deer,0.5667067766189575
p2_dog_shape__cat_texture_06,clip_zeroshot,5,dog,0.9405314922332764
p2_dog_shape__cat_texture_07,clip_zeroshot,5,dog,0.8183907866477966
p2_dog_shape__cat_texture_08,clip_zeroshot,5,dog,0.9324068427085876
p2_dog_shape__cat_texture_09,clip_zeroshot,5,dog,0.42239245772361755
p2_dog_shape__cat_texture_10,clip_zeroshot,6,horse,0.426372766494751
p2_dog_shape__cat_texture_11,clip_zeroshot,5,dog,0.9877696633338928
p2_dog_shape__cat_texture_12,clip_zeroshot,5,dog,0.9798387289047241
p2_dog_shape__cat_texture_13,clip_zeroshot,4,deer,0.957718014717102
p2_dog_shape__cat_texture_14,clip_zeroshot,1,bird,0.27615419030189514
p2_dog_shape__cat_texture_15,clip_zeroshot,5,dog,0.5365545749664307
p2_dog_shape__cat_texture_16,clip_zeroshot,5,dog,0.6914012432098389
p2_dog_shape__cat_texture_17,clip_zeroshot,5,dog,0.7196567058563232
p2_dog_shape__cat_texture_18,clip_zeroshot,7,monkey,0.5606717467308044
p2_dog_shape__cat_texture_19,clip_zeroshot,5,dog,0.827476441860199
p2_dog_shape__cat_texture_20,clip_zeroshot,5,dog,0.8600349426269531
p2_dog_shape__cat_texture_21,clip_zeroshot,5,dog,0.9247117638587952
p2_dog_shape__cat_texture_22,clip_zeroshot,5,dog,0.9082556366920471
p2_dog_shape__cat_texture_23,clip_zeroshot,5,dog,0.9586219191551208
p2_dog_shape__cat_texture_24,clip_zeroshot,6,horse,0.3419802784919739
p2_dog_shape__cat_texture_25,clip_zeroshot,1,bird,0.5477557182312012
p2_dog_shape__cat_texture_26,clip_zeroshot,5,dog,0.6059256196022034
p2_dog_shape__cat_texture_27,clip_zeroshot,5,dog,0.858146071434021
p2_dog_shape__cat_texture_28,clip_zeroshot,5,dog,0.9542731642723083
p2_dog_shape__cat_texture_29,clip_zeroshot,5,dog,0.9708067178726196
p3_deer_shape__horse_texture_00,clip_zeroshot,4,deer,0.999321460723877
p3_deer_shape__horse_texture_01,clip_zeroshot,4,deer,0.9981154203414917
p3_deer_shape__horse_texture_02,clip_zeroshot,6,horse,0.9860522747039795
p3_deer_shape__horse_texture_03,clip_zeroshot,4,deer,0.9856529235839844
p3_deer_shape__horse_texture_04,clip_zeroshot,4,deer,0.9772114753723145
p3_deer_shape__horse_texture_05,clip_zeroshot,4,deer,0.9891322255134583
p3_deer_shape__horse_texture_06,clip_zeroshot,6,horse,0.5562745332717896
p3_deer_shape__horse_texture_07,clip_zeroshot,4,deer,0.9989928603172302
p3_deer_shape__horse_texture_08,clip_zeroshot,4,deer,0.9345288872718811
p3_deer_shape__horse_texture_09,clip_zeroshot,7,monkey,0.6012523770332336
p3_deer_shape__horse_texture_10,clip_zeroshot,4,deer,0.9770132899284363
p3_deer_shape__horse_texture_11,clip_zeroshot,4,deer,0.9516149759292603
p3_deer_shape__horse_texture_12,clip_zeroshot,4,deer,0.9880309700965881
p3_deer_shape__horse_texture_13,clip_zeroshot,4,deer,0.9006708860397339
p3_deer_shape__horse_texture_14,clip_zeroshot,4,deer,0.9809635877609253
p3_deer_shape__horse_texture_15,clip_zeroshot,4,deer,0.939287006855011
p3_deer_shape__horse_texture_16,clip_zeroshot,4,deer,0.9994427561759949
p3_deer_shape__horse_texture_17,clip_zeroshot,4,deer,0.9946241974830627
p3_deer_shape__horse_texture_18,clip_zeroshot,4,deer,0.9754514098167419
p3_deer_shape__horse_texture_19,clip_zeroshot,4,deer,0.9261816740036011
p3_deer_shape__horse_texture_20,clip_zeroshot,4,deer,0.9868725538253784
p3_deer_shape__horse_texture_21,clip_zeroshot,4,deer,0.9969807267189026
p3_deer_shape__horse_texture_22,clip_zeroshot,4,deer,0.9812043905258179
p3_deer_shape__horse_texture_23,clip_zeroshot,4,deer,0.9971369504928589
p3_deer_shape__horse_texture_24,clip_zeroshot,4,deer,0.9987003803253174
p3_deer_shape__horse_texture_25,clip_zeroshot,4,deer,0.9919490814208984
p3_deer_shape__horse_texture_26,clip_zeroshot,4,deer,0.9981265664100647
p3_deer_shape__horse_texture_27,clip_zeroshot,4,deer,0.933479905128479
p3_deer_shape__horse_texture_28,clip_zeroshot,7,monkey,0.9583882093429565
p3_deer_shape__horse_texture_29,clip_zeroshot,4,deer,0.999220609664917
p3_horse_shape__deer_texture_00,clip_zeroshot,6,horse,0.9137479066848755
p3_horse_shape__deer_texture_01,clip_zeroshot,6,horse,0.9873051047325134
p3_horse_shape__deer_texture_02,clip_zeroshot,6,horse,0.9968985319137573
p3_horse_shape__deer_texture_03,clip_zeroshot,6,horse,0.9147818088531494
p3_horse_shape__deer_texture_04,clip_zeroshot,6,horse,0.40692880749702454
p3_horse_shape__deer_texture_05,clip_zeroshot,6,horse,0.9181813597679138
p3_horse_shape__deer_texture_06,clip_zeroshot,6,horse,0.987413763999939
p3_horse_shape__deer_texture_07,clip_zeroshot,6,horse,0.6937657594680786
p3_horse_shape__deer_texture_08,clip_zeroshot,6,horse,0.9869303703308105
p3_horse_shape__deer_texture_09,clip_zeroshot,6,horse,0.9920931458473206
p3_horse_shape__deer_texture_10,clip_zeroshot,6,horse,0.9940967559814453
p3_horse_shape__deer_texture_11,clip_zeroshot,6,horse,0.9992833733558655
p3_horse_shape__deer_texture_12,clip_zeroshot,6,horse,0.9951682090759277
p3_horse_shape__deer_texture_13,clip_zeroshot,6,horse,0.9371034502983093
p3_horse_shape__deer_texture_14,clip_zeroshot,6,horse,0.9948838353157043
p3_horse_shape__deer_texture_15,clip_zeroshot,6,horse,0.5351605415344238
p3_horse_shape__deer_texture_16,clip_zeroshot,6,horse,0.9847632050514221
p3_horse_shape__deer_texture_17,clip_zeroshot,6,horse,0.9969747066497803
p3_horse_shape__deer_texture_18,clip_zeroshot,6,horse,0.9683145880699158
p3_horse_shape__deer_texture_19,clip_zeroshot,1,bird,0.3596247732639313
p3_horse_shape__deer_texture_20,clip_zeroshot,6,horse,0.9106859564781189
p3_horse_shape__deer_texture_21,clip_zeroshot,6,horse,0.975433349609375
p3_horse_shape__deer_texture_22,clip_zeroshot,6,horse,0.9928401708602905
p3_horse_shape__deer_texture_23,clip_zeroshot,6,horse,0.9970539808273315
p3_horse_shape__deer_texture_24,clip_zeroshot,6,horse,0.9374526739120483
p3_horse_shape__deer_texture_25,clip_zeroshot,6,horse,0.8064059615135193
p3_horse_shape__deer_texture_26,clip_zeroshot,6,horse,0.9927984476089478
p3_horse_shape__deer_texture_27,clip_zeroshot,6,horse,0.9977745413780212
p3_horse_shape__deer_texture_28,clip_zeroshot,6,horse,0.9727463126182556
p3_horse_shape__deer_texture_29,clip_zeroshot,6,horse,0.9701401591300964
p4_monkey_shape__ship_texture_00,clip_zeroshot,1,bird,0.42204782366752625
p4_monkey_shape__ship_texture_01,clip_zeroshot,8,ship,0.25664493441581726
p4_monkey_shape__ship_texture_02,clip_zeroshot,7,monkey,0.5089337825775146
p4_monkey_shape__ship_texture_03,clip_zeroshot,2,car,0.1982157975435257
p4_monkey_shape__ship_texture_04,clip_zeroshot,7,monkey,0.6444119215011597
p4_monkey_shape__ship_texture_05,clip_zeroshot,1,bird,0.49735063314437866
p4_monkey_shape__ship_texture_06,clip_zeroshot,1,bird,0.3004673421382904
p4_monkey_shape__ship_texture_07,clip_zeroshot,7,monkey,0.27110275626182556
p4_monkey_shape__ship_texture_08,clip_zeroshot,3,cat,0.35157856345176697
p4_monkey_shape__ship_texture_09,clip_zeroshot,8,ship,0.28267937898635864
p4_monkey_shape__ship_texture_10,clip_zeroshot,1,bird,0.6619945168495178
p4_monkey_shape__ship_texture_11,clip_zeroshot,1,bird,0.3151889145374298
p4_monkey_shape__ship_texture_12,clip_zeroshot,0,airplane,0.4573216438293457
p4_monkey_shape__ship_texture_13,clip_zeroshot,1,bird,0.22148050367832184
p4_monkey_shape__ship_texture_14,clip_zeroshot,1,bird,0.3263002932071686
p4_monkey_shape__ship_texture_15,clip_zeroshot,1,bird,0.24007688462734222
p4_monkey_shape__ship_texture_16,clip_zeroshot,8,ship,0.18719463050365448
p4_monkey_shape__ship_texture_17,clip_zeroshot,1,bird,0.9477922916412354
p4_monkey_shape__ship_texture_18,clip_zeroshot,7,monkey,0.9796860814094543
p4_monkey_shape__ship_texture_19,clip_zeroshot,7,monkey,0.34820789098739624
p4_monkey_shape__ship_texture_20,clip_zeroshot,7,monkey,0.3672736883163452
p4_monkey_shape__ship_texture_21,clip_zeroshot,7,monkey,0.1976349651813507
p4_monkey_shape__ship_texture_22,clip_zeroshot,1,bird,0.7679540514945984
p4_monkey_shape__ship_texture_23,clip_zeroshot,1,bird,0.34700286388397217
p4_monkey_shape__ship_texture_24,clip_zeroshot,1,bird,0.5707369446754456
p4_monkey_shape__ship_texture_25,clip_zeroshot,1,bird,0.4397841691970825
p4_monkey_shape__ship_texture_26,clip_zeroshot,1,bird,0.18877390027046204
p4_monkey_shape__ship_texture_27,clip_zeroshot,3,cat,0.20240382850170135
p4_monkey_shape__ship_texture_28,clip_zeroshot,7,monkey,0.958633303642273
p4_monkey_shape__ship_texture_29,clip_zeroshot,7,monkey,0.39738619327545166
p4_ship_shape__monkey_texture_00,clip_zeroshot,1,bird,0.2564094364643097
p4_ship_shape__monkey_texture_01,clip_zeroshot,8,ship,0.9836543202400208
p4_ship_shape__monkey_texture_02,clip_zeroshot,8,ship,0.9974460601806641
p4_ship_shape__monkey_texture_03,clip_zeroshot,1,bird,0.21152041852474213
p4_ship_shape__monkey_texture_04,clip_zeroshot,8,ship,0.9942955374717712
p4_ship_shape__monkey_texture_05,clip_zeroshot,8,ship,0.9409645795822144
p4_ship_shape__monkey_texture_06,clip_zeroshot,8,ship,0.9850566983222961
p4_ship_shape__monkey_texture_07,clip_zeroshot,8,ship,0.9956651329994202
p4_ship_shape__monkey_texture_08,clip_zeroshot,8,ship,0.8780451416969299
p4_ship_shape__monkey_texture_09,clip_zeroshot,8,ship,0.49358052015304565
p4_ship_shape__monkey_texture_10,clip_zeroshot,8,ship,0.7264280319213867
p4_ship_shape__monkey_texture_11,clip_zeroshot,8,ship,0.9416459798812866
p4_ship_shape__monkey_texture_12,clip_zeroshot,8,ship,0.9134352803230286
p4_ship_shape__monkey_texture_13,clip_zeroshot,1,bird,0.7700151801109314
p4_ship_shape__monkey_texture_14,clip_zeroshot,8,ship,0.28103888034820557
p4_ship_shape__monkey_texture_15,clip_zeroshot,8,ship,0.4032942056655884
p4_ship_shape__monkey_texture_16,clip_zeroshot,8,ship,0.36759451031684875
p4_ship_shape__monkey_texture_17,clip_zeroshot,6,horse,0.2173987179994583
p4_ship_shape__monkey_texture_18,clip_zeroshot,8,ship,0.9887785315513611
p4_ship_shape__monkey_texture_19,clip_zeroshot,6,horse,0.2368721067905426
p4_ship_shape__monkey_texture_20,clip_zeroshot,8,ship,0.8919935822486877
p4_ship_shape__monkey_texture_21,clip_zeroshot,8,ship,0.7803007364273071
p4_ship_shape__monkey_texture_22,clip_zeroshot,8,ship,0.9092641472816467
p4_ship_shape__monkey_texture_23,clip_zeroshot,9,truck,0.3644660413265228
p4_ship_shape__monkey_texture_24,clip_zeroshot,8,ship,0.995429515838623
p4_ship_shape__monkey_texture_25,clip_zeroshot,8,ship,0.4041040241718292
p4_ship_shape__monkey_texture_26,clip_zeroshot,8,ship,0.8452584743499756
p4_ship_shape__monkey_texture_27,clip_zeroshot,8,ship,0.9821140170097351
p4_ship_shape__monkey_texture_28,clip_zeroshot,8,ship,0.9227653741836548
p4_ship_shape__monkey_texture_29,clip_zeroshot,7,monkey,0.20935042202472687
