conflict_id,pair_id,content_class,content_label,style_class,style_label,content_official_index,style_official_index,path,pixel_std,clipped_fraction,rejection_reason,prebalance_valid
p0_airplane_shape__bird_texture_00,0,airplane,0,bird,1,1648,5092,/kaggle/working/beyond-iid/inductive-bias-representations/data/generated/cue_conflicts/p0_airplane_shape__bird_texture_00.png,0.22455354034900665,0.06004198640584946,,True
p0_airplane_shape__bird_texture_01,0,airplane,0,bird,1,2242,7202,/kaggle/working/beyond-iid/inductive-bias-representations/data/generated/cue_conflicts/p0_airplane_shape__bird_texture_01.png,0.20171621441841125,0.0,,True
p0_airplane_shape__bird_texture_02,0,airplane,0,bird,1,5478,2070,/kaggle/working/beyond-iid/inductive-bias-representations/data/generated/cue_conflicts/p0_airplane_shape__bird_texture_02.png,0.2096436470746994,0.026074882596731186,,True
p0_airplane_shape__bird_texture_03,0,airplane,0,bird,1,6455,1568,/kaggle/working/beyond-iid/inductive-bias-representations/data/generated/cue_conflicts/p0_airplane_shape__bird_texture_03.png,0.2084895521402359,0.0020461310632526875,,True
p0_airplane_shape__bird_texture_04,0,airplane,0,bird,1,7309,3491,/kaggle/working/beyond-iid/inductive-bias-representations/data/generated/cue_conflicts/p0_airplane_shape__bird_texture_04.png,0.22495964169502258,0.0042317709885537624,,True
p0_airplane_shape__bird_texture_05,0,airplane,0,bird,1,7634,7029,/kaggle/working/beyond-iid/inductive-bias-representations/data/generated/cue_conflicts/p0_airplane_shape__bird_texture_05.png,0.18499791622161865,0.0022919324692338705,,True
p0_airplane_shape__bird_texture_06,0,airplane,0,bird,1,2024,6169,/kaggle/working/beyond-iid/inductive-bias-representations/data/generated/cue_conflicts/p0_airplane_shape__bird_texture_06.png,0.28244489431381226,0.007613201625645161,,True
p0_airplane_shape__bird_texture_07,0,airplane,0,bird,1,3083,5488,/kaggle/working/beyond-iid/inductive-bias-representations/data/generated/cue_conflicts/p0_airplane_shape__bird_texture_07.png,0.24491293728351593,0.003733524587005377,,True
p0_airplane_shape__bird_texture_08,0,airplane,0,bird,1,4130,4298,/kaggle/working/beyond-iid/inductive-bias-representations/data/generated/cue_conflicts/p0_airplane_shape__bird_texture_08.png,0.23118063807487488,0.009553040377795696,,True
p0_airplane_shape__bird_texture_09,0,airplane,0,bird,1,4615,2690,/kaggle/working/beyond-iid/inductive-bias-representations/data/generated/cue_conflicts/p0_airplane_shape__bird_texture_09.png,0.20191937685012817,0.01611660234630108,,True
p0_airplane_shape__bird_texture_10,0,airplane,0,bird,1,5918,2178,/kaggle/working/beyond-iid/inductive-bias-representations/data/generated/cue_conflicts/p0_airplane_shape__bird_texture_10.png,0.18053825199604034,0.0022720026317983866,,True
p0_airplane_shape__bird_texture_11,0,airplane,0,bird,1,5117,6076,/kaggle/working/beyond-iid/inductive-bias-representations/data/generated/cue_conflicts/p0_airplane_shape__bird_texture_11.png,0.1940283477306366,0.0023185054305940866,,True
p0_airplane_shape__bird_texture_12,0,airplane,0,bird,1,7320,6805,/kaggle/working/beyond-iid/inductive-bias-representations/data/generated/cue_conflicts/p0_airplane_shape__bird_texture_12.png,0.14925238490104675,0.00025244473363272846,,True
p0_airplane_shape__bird_texture_13,0,airplane,0,bird,1,1596,1986,/kaggle/working/beyond-iid/inductive-bias-representations/data/generated/cue_conflicts/p0_airplane_shape__bird_texture_13.png,0.20625866949558258,0.018122874200344086,,True
p0_airplane_shape__bird_texture_14,0,airplane,0,bird,1,7009,95,/kaggle/working/beyond-iid/inductive-bias-representations/data/generated/cue_conflicts/p0_airplane_shape__bird_texture_14.png,0.2286216765642166,0.0,,True
p0_airplane_shape__bird_texture_15,0,airplane,0,bird,1,484,1436,/kaggle/working/beyond-iid/inductive-bias-representations/data/generated/cue_conflicts/p0_airplane_shape__bird_texture_15.png,0.23399172723293304,0.01590401865541935,,True
p0_airplane_shape__bird_texture_16,0,airplane,0,bird,1,6437,825,/kaggle/working/beyond-iid/inductive-bias-representations/data/generated/cue_conflicts/p0_airplane_shape__bird_texture_16.png,0.13011370599269867,0.0006975446594879031,,True
p0_airplane_shape__bird_texture_17,0,airplane,0,bird,1,1389,1090,/kaggle/working/beyond-iid/inductive-bias-representations/data/generated/cue_conflicts/p0_airplane_shape__bird_texture_17.png,0.27987906336784363,0.01329985074698925,,True
p0_airplane_shape__bird_texture_18,0,airplane,0,bird,1,1553,2095,/kaggle/working/beyond-iid/inductive-bias-representations/data/generated/cue_conflicts/p0_airplane_shape__bird_texture_18.png,0.22050924599170685,2.6573128707241267e-05,,True
p0_airplane_shape__bird_texture_19,0,airplane,0,bird,1,4819,304,/kaggle/working/beyond-iid/inductive-bias-representations/data/generated/cue_conflicts/p0_airplane_shape__bird_texture_19.png,0.10834582149982452,0.0,,True
p0_airplane_shape__bird_texture_20,0,airplane,0,bird,1,7373,4640,/kaggle/working/beyond-iid/inductive-bias-representations/data/generated/cue_conflicts/p0_airplane_shape__bird_texture_20.png,0.24215883016586304,0.0044908588752150536,,True
p0_airplane_shape__bird_texture_21,0,airplane,0,bird,1,4399,5123,/kaggle/working/beyond-iid/inductive-bias-representations/data/generated/cue_conflicts/p0_airplane_shape__bird_texture_21.png,0.2581992447376251,0.0739862322807312,,True
p0_airplane_shape__bird_texture_22,0,airplane,0,bird,1,6844,261,/kaggle/working/beyond-iid/inductive-bias-representations/data/generated/cue_conflicts/p0_airplane_shape__bird_texture_22.png,0.18042252957820892,0.03815237060189247,,True
p0_airplane_shape__bird_texture_23,0,airplane,0,bird,1,4675,6954,/kaggle/working/beyond-iid/inductive-bias-representations/data/generated/cue_conflicts/p0_airplane_shape__bird_texture_23.png,0.15139105916023254,0.019106080755591393,,True
p0_airplane_shape__bird_texture_24,0,airplane,0,bird,1,2888,6594,/kaggle/working/beyond-iid/inductive-bias-representations/data/generated/cue_conflicts/p0_airplane_shape__bird_texture_24.png,0.2332278937101364,0.02511160634458065,,True
p0_airplane_shape__bird_texture_25,0,airplane,0,bird,1,3455,3079,/kaggle/working/beyond-iid/inductive-bias-representations/data/generated/cue_conflicts/p0_airplane_shape__bird_texture_25.png,0.23423545062541962,0.007068452425301075,,True
p0_airplane_shape__bird_texture_26,0,airplane,0,bird,1,3876,198,/kaggle/working/beyond-iid/inductive-bias-representations/data/generated/cue_conflicts/p0_airplane_shape__bird_texture_26.png,0.2585926055908203,0.0350167416036129,,True
p0_airplane_shape__bird_texture_27,0,airplane,0,bird,1,7262,3550,/kaggle/working/beyond-iid/inductive-bias-representations/data/generated/cue_conflicts/p0_airplane_shape__bird_texture_27.png,0.12473715841770172,0.0,,True
p0_airplane_shape__bird_texture_28,0,airplane,0,bird,1,3,2157,/kaggle/working/beyond-iid/inductive-bias-representations/data/generated/cue_conflicts/p0_airplane_shape__bird_texture_28.png,0.24991467595100403,0.017843855544924736,,True
p0_airplane_shape__bird_texture_29,0,airplane,0,bird,1,5999,2687,/kaggle/working/beyond-iid/inductive-bias-representations/data/generated/cue_conflicts/p0_airplane_shape__bird_texture_29.png,0.2151094675064087,0.004756590351462364,,True
p0_bird_shape__airplane_texture_00,0,bird,1,airplane,0,7390,5117,/kaggle/working/beyond-iid/inductive-bias-representations/data/generated/cue_conflicts/p0_bird_shape__airplane_texture_00.png,0.24380870163440704,0.0026705993805080652,,True
p0_bird_shape__airplane_texture_01,0,bird,1,airplane,0,7029,4399,/kaggle/working/beyond-iid/inductive-bias-representations/data/generated/cue_conflicts/p0_bird_shape__airplane_texture_01.png,0.2101016789674759,0.0007440476329065859,,True
p0_bird_shape__airplane_texture_02,0,bird,1,airplane,0,6805,7009,/kaggle/working/beyond-iid/inductive-bias-representations/data/generated/cue_conflicts/p0_bird_shape__airplane_texture_02.png,0.17620961368083954,0.006390837486833334,,True
p0_bird_shape__airplane_texture_03,0,bird,1,airplane,0,7955,81,/kaggle/working/beyond-iid/inductive-bias-representations/data/generated/cue_conflicts/p0_bird_shape__airplane_texture_03.png,0.2532384693622589,0.004357993137091398,,True
p0_bird_shape__airplane_texture_04,0,bird,1,airplane,0,261,3347,/kaggle/working/beyond-iid/inductive-bias-representations/data/generated/cue_conflicts/p0_bird_shape__airplane_texture_04.png,0.17108438909053802,0.003354857675731182,,True
p0_bird_shape__airplane_texture_05,0,bird,1,airplane,0,7033,6609,/kaggle/working/beyond-iid/inductive-bias-representations/data/generated/cue_conflicts/p0_bird_shape__airplane_texture_05.png,0.1501644253730774,0.0007905506063252687,,True
p0_bird_shape__airplane_texture_06,0,bird,1,airplane,0,1993,7373,/kaggle/working/beyond-iid/inductive-bias-representations/data/generated/cue_conflicts/p0_bird_shape__airplane_texture_06.png,0.23341909050941467,0.009107939898967743,,True
p0_bird_shape__airplane_texture_07,0,bird,1,airplane,0,1090,1389,/kaggle/working/beyond-iid/inductive-bias-representations/data/generated/cue_conflicts/p0_bird_shape__airplane_texture_07.png,0.257032185792923,0.01839524880051613,,True
p0_bird_shape__airplane_texture_08,0,bird,1,airplane,0,1852,3,/kaggle/working/beyond-iid/inductive-bias-representations/data/generated/cue_conflicts/p0_bird_shape__airplane_texture_08.png,0.15822193026542664,0.00021258502965793014,,True
p0_bird_shape__airplane_texture_09,0,bird,1,airplane,0,2116,4615,/kaggle/working/beyond-iid/inductive-bias-representations/data/generated/cue_conflicts/p0_bird_shape__airplane_texture_09.png,0.1794026494026184,0.0005978954141028225,,True
p0_bird_shape__airplane_texture_10,0,bird,1,airplane,0,6076,4893,/kaggle/working/beyond-iid/inductive-bias-representations/data/generated/cue_conflicts/p0_bird_shape__airplane_texture_10.png,0.12386402487754822,0.0,,True
p0_bird_shape__airplane_texture_11,0,bird,1,airplane,0,5560,2024,/kaggle/working/beyond-iid/inductive-bias-representations/data/generated/cue_conflicts/p0_bird_shape__airplane_texture_11.png,0.193242609500885,0.002484587486833334,,True
p0_bird_shape__airplane_texture_12,0,bird,1,airplane,0,5488,5999,/kaggle/working/beyond-iid/inductive-bias-representations/data/generated/cue_conflicts/p0_bird_shape__airplane_texture_12.png,0.15457351505756378,0.09564998000860214,,True
p0_bird_shape__airplane_texture_13,0,bird,1,airplane,0,6836,4617,/kaggle/working/beyond-iid/inductive-bias-representations/data/generated/cue_conflicts/p0_bird_shape__airplane_texture_13.png,0.12687236070632935,0.0,,True
p0_bird_shape__airplane_texture_14,0,bird,1,airplane,0,3079,6437,/kaggle/working/beyond-iid/inductive-bias-representations/data/generated/cue_conflicts/p0_bird_shape__airplane_texture_14.png,0.10843294113874435,6.643282176810317e-06,,True
p0_bird_shape__airplane_texture_15,0,bird,1,airplane,0,6349,1596,/kaggle/working/beyond-iid/inductive-bias-representations/data/generated/cue_conflicts/p0_bird_shape__airplane_texture_15.png,0.16804887354373932,0.0,,True
p0_bird_shape__airplane_texture_16,0,bird,1,airplane,0,3937,6844,/kaggle/working/beyond-iid/inductive-bias-representations/data/generated/cue_conflicts/p0_bird_shape__airplane_texture_16.png,0.11365719139575958,0.0,,True
p0_bird_shape__airplane_texture_17,0,bird,1,airplane,0,1436,7465,/kaggle/working/beyond-iid/inductive-bias-representations/data/generated/cue_conflicts/p0_bird_shape__airplane_texture_17.png,0.19516301155090332,0.0,,True
p0_bird_shape__airplane_texture_18,0,bird,1,airplane,0,3491,5478,/kaggle/working/beyond-iid/inductive-bias-representations/data/generated/cue_conflicts/p0_bird_shape__airplane_texture_18.png,0.18156187236309052,0.004730016924440861,,True
p0_bird_shape__airplane_texture_19,0,bird,1,airplane,0,6169,6455,/kaggle/working/beyond-iid/inductive-bias-representations/data/generated/cue_conflicts/p0_bird_shape__airplane_texture_19.png,0.25023648142814636,0.014442496001720428,,True
p0_bird_shape__airplane_texture_20,0,bird,1,airplane,0,2070,4130,/kaggle/working/beyond-iid/inductive-bias-representations/data/generated/cue_conflicts/p0_bird_shape__airplane_texture_20.png,0.21636053919792175,0.0,,True
p0_bird_shape__airplane_texture_21,0,bird,1,airplane,0,825,4675,/kaggle/working/beyond-iid/inductive-bias-representations/data/generated/cue_conflicts/p0_bird_shape__airplane_texture_21.png,0.1565079689025879,0.0,,True
p0_bird_shape__airplane_texture_22,0,bird,1,airplane,0,1230,5912,/kaggle/working/beyond-iid/inductive-bias-representations/data/generated/cue_conflicts/p0_bird_shape__airplane_texture_22.png,0.23147253692150116,0.00011293579882476479,,True
p0_bird_shape__airplane_texture_23,0,bird,1,airplane,0,198,7320,/kaggle/working/beyond-iid/inductive-bias-representations/data/generated/cue_conflicts/p0_bird_shape__airplane_texture_23.png,0.2606838047504425,0.009446747601032257,,True
p0_bird_shape__airplane_texture_24,0,bird,1,airplane,0,5123,2242,/kaggle/working/beyond-iid/inductive-bias-representations/data/generated/cue_conflicts/p0_bird_shape__airplane_texture_24.png,0.2062496691942215,0.0003388074110262096,,True
p0_bird_shape__airplane_texture_25,0,bird,1,airplane,0,3413,3083,/kaggle/working/beyond-iid/inductive-bias-representations/data/generated/cue_conflicts/p0_bird_shape__airplane_texture_25.png,0.15668797492980957,0.0002325148816453293,,True
p0_bird_shape__airplane_texture_26,0,bird,1,airplane,0,1115,7150,/kaggle/working/beyond-iid/inductive-bias-representations/data/generated/cue_conflicts/p0_bird_shape__airplane_texture_26.png,0.17156600952148438,5.9789541410282254e-05,,True
p0_bird_shape__airplane_texture_27,0,bird,1,airplane,0,7202,42,/kaggle/working/beyond-iid/inductive-bias-representations/data/generated/cue_conflicts/p0_bird_shape__airplane_texture_27.png,0.2060752511024475,0.0,,True
p0_bird_shape__airplane_texture_28,0,bird,1,airplane,0,2157,1175,/kaggle/working/beyond-iid/inductive-bias-representations/data/generated/cue_conflicts/p0_bird_shape__airplane_texture_28.png,0.17130953073501587,0.0,,True
p0_bird_shape__airplane_texture_29,0,bird,1,airplane,0,1986,3025,/kaggle/working/beyond-iid/inductive-bias-representations/data/generated/cue_conflicts/p0_bird_shape__airplane_texture_29.png,0.27859631180763245,0.013319781050086021,,True
p1_car_shape__truck_texture_00,1,car,2,truck,9,6692,5788,/kaggle/working/beyond-iid/inductive-bias-representations/data/generated/cue_conflicts/p1_car_shape__truck_texture_00.png,0.31123965978622437,0.10665789991617203,,True
p1_car_shape__truck_texture_01,1,car,2,truck,9,1403,7266,/kaggle/working/beyond-iid/inductive-bias-representations/data/generated/cue_conflicts/p1_car_shape__truck_texture_01.png,0.19080793857574463,0.00013286565081216395,,True
p1_car_shape__truck_texture_02,1,car,2,truck,9,5395,7938,/kaggle/working/beyond-iid/inductive-bias-representations/data/generated/cue_conflicts/p1_car_shape__truck_texture_02.png,0.2619916498661041,0.0949590802192688,,True
p1_car_shape__truck_texture_03,1,car,2,truck,9,4065,1411,/kaggle/working/beyond-iid/inductive-bias-representations/data/generated/cue_conflicts/p1_car_shape__truck_texture_03.png,0.32168877124786377,0.06224091351032257,,True
p1_car_shape__truck_texture_04,1,car,2,truck,9,409,2062,/kaggle/working/beyond-iid/inductive-bias-representations/data/generated/cue_conflicts/p1_car_shape__truck_texture_04.png,0.3268314003944397,0.0411086305975914,,True
p1_car_shape__truck_texture_05,1,car,2,truck,9,4921,852,/kaggle/working/beyond-iid/inductive-bias-representations/data/generated/cue_conflicts/p1_car_shape__truck_texture_05.png,0.2905551791191101,0.0571986623108387,,True
p1_car_shape__truck_texture_06,1,car,2,truck,9,4735,3942,/kaggle/working/beyond-iid/inductive-bias-representations/data/generated/cue_conflicts/p1_car_shape__truck_texture_06.png,0.2271168828010559,0.0012755101779475808,,True
p1_car_shape__truck_texture_07,1,car,2,truck,9,5237,1515,/kaggle/working/beyond-iid/inductive-bias-representations/data/generated/cue_conflicts/p1_car_shape__truck_texture_07.png,0.19552810490131378,0.01449564192444086,,True
p1_car_shape__truck_texture_08,1,car,2,truck,9,3024,805,/kaggle/working/beyond-iid/inductive-bias-representations/data/generated/cue_conflicts/p1_car_shape__truck_texture_08.png,0.24234463274478912,0.0019132653251290321,,True
p1_car_shape__truck_texture_09,1,car,2,truck,9,2082,4094,/kaggle/working/beyond-iid/inductive-bias-representations/data/generated/cue_conflicts/p1_car_shape__truck_texture_09.png,0.23253782093524933,0.01298761647194624,,True
p1_car_shape__truck_texture_10,1,car,2,truck,9,7084,3893,/kaggle/working/beyond-iid/inductive-bias-representations/data/generated/cue_conflicts/p1_car_shape__truck_texture_10.png,0.2800472378730774,0.0948195680975914,,True
p1_car_shape__truck_texture_11,1,car,2,truck,9,317,5452,/kaggle/working/beyond-iid/inductive-bias-representations/data/generated/cue_conflicts/p1_car_shape__truck_texture_11.png,0.2367234081029892,0.00032552084303461015,,True
p1_car_shape__truck_texture_12,1,car,2,truck,9,6616,3996,/kaggle/working/beyond-iid/inductive-bias-representations/data/generated/cue_conflicts/p1_car_shape__truck_texture_12.png,0.24287906289100647,0.1391834020614624,,True
p1_car_shape__truck_texture_13,1,car,2,truck,9,5030,1468,/kaggle/working/beyond-iid/inductive-bias-representations/data/generated/cue_conflicts/p1_car_shape__truck_texture_13.png,0.25262337923049927,0.008177880197763443,,True
p1_car_shape__truck_texture_14,1,car,2,truck,9,1586,603,/kaggle/working/beyond-iid/inductive-bias-representations/data/generated/cue_conflicts/p1_car_shape__truck_texture_14.png,0.2680513560771942,0.009214232675731182,,True
p1_car_shape__truck_texture_15,1,car,2,truck,9,6264,276,/kaggle/working/beyond-iid/inductive-bias-representations/data/generated/cue_conflicts/p1_car_shape__truck_texture_15.png,0.27010124921798706,0.029655613005161285,,True
p1_car_shape__truck_texture_16,1,car,2,truck,9,3755,7752,/kaggle/working/beyond-iid/inductive-bias-representations/data/generated/cue_conflicts/p1_car_shape__truck_texture_16.png,0.25574544072151184,0.012197066098451614,,True
p1_car_shape__truck_texture_17,1,car,2,truck,9,6426,5851,/kaggle/working/beyond-iid/inductive-bias-representations/data/generated/cue_conflicts/p1_car_shape__truck_texture_17.png,0.2591816782951355,0.011061064898967743,,True
p1_car_shape__truck_texture_18,1,car,2,truck,9,1202,5981,/kaggle/working/beyond-iid/inductive-bias-representations/data/generated/cue_conflicts/p1_car_shape__truck_texture_18.png,0.22008714079856873,0.09829400479793549,,True
p1_car_shape__truck_texture_19,1,car,2,truck,9,3454,5572,/kaggle/working/beyond-iid/inductive-bias-representations/data/generated/cue_conflicts/p1_car_shape__truck_texture_19.png,0.24187690019607544,0.0011559311533346772,,True
p1_car_shape__truck_texture_20,1,car,2,truck,9,6028,5360,/kaggle/working/beyond-iid/inductive-bias-representations/data/generated/cue_conflicts/p1_car_shape__truck_texture_20.png,0.2759787142276764,0.003600659081712365,,True
p1_car_shape__truck_texture_21,1,car,2,truck,9,5677,7380,/kaggle/working/beyond-iid/inductive-bias-representations/data/generated/cue_conflicts/p1_car_shape__truck_texture_21.png,0.252742201089859,0.13366948068141937,,True
p1_car_shape__truck_texture_22,1,car,2,truck,9,7425,7544,/kaggle/working/beyond-iid/inductive-bias-representations/data/generated/cue_conflicts/p1_car_shape__truck_texture_22.png,0.2820932865142822,0.0036870217882096767,,True
p1_car_shape__truck_texture_23,1,car,2,truck,9,1839,4449,/kaggle/working/beyond-iid/inductive-bias-representations/data/generated/cue_conflicts/p1_car_shape__truck_texture_23.png,0.32099395990371704,0.0026174532249569893,,True
p1_car_shape__truck_texture_24,1,car,2,truck,9,5318,5447,/kaggle/working/beyond-iid/inductive-bias-representations/data/generated/cue_conflicts/p1_car_shape__truck_texture_24.png,0.23508386313915253,0.00017272534023504704,,True
p1_car_shape__truck_texture_25,1,car,2,truck,9,5183,5915,/kaggle/working/beyond-iid/inductive-bias-representations/data/generated/cue_conflicts/p1_car_shape__truck_texture_25.png,0.21173466742038727,0.0185546875,,True
p1_car_shape__truck_texture_26,1,car,2,truck,9,3163,131,/kaggle/working/beyond-iid/inductive-bias-representations/data/generated/cue_conflicts/p1_car_shape__truck_texture_26.png,0.2955282926559448,0.0,,True
p1_car_shape__truck_texture_27,1,car,2,truck,9,483,3318,/kaggle/working/beyond-iid/inductive-bias-representations/data/generated/cue_conflicts/p1_car_shape__truck_texture_27.png,0.23828168213367462,0.02969547174870968,,True
p1_car_shape__truck_texture_28,1,car,2,truck,9,6244,1430,/kaggle/working/beyond-iid/inductive-bias-representations/data/generated/cue_conflicts/p1_car_shape__truck_texture_28.png,0.27557656168937683,0.005660076625645161,,True
p1_car_shape__truck_texture_29,1,car,2,truck,9,5512,7995,/kaggle/working/beyond-iid/inductive-bias-representations/data/generated/cue_conflicts/p1_car_shape__truck_texture_29.png,0.2657395899295807,0.030698606744408607,,True
p1_truck_shape__car_texture_00,1,truck,9,car,2,5981,1520,/kaggle/working/beyond-iid/inductive-bias-representations/data/generated/cue_conflicts/p1_truck_shape__car_texture_00.png,0.2535529136657715,0.010190795175731182,,True
p1_truck_shape__car_texture_01,1,truck,9,car,2,2062,7425,/kaggle/working/beyond-iid/inductive-bias-representations/data/generated/cue_conflicts/p1_truck_shape__car_texture_01.png,0.29686295986175537,0.07910820841789246,,True
p1_truck_shape__car_texture_02,1,truck,9,car,2,1836,470,/kaggle/working/beyond-iid/inductive-bias-representations/data/generated/cue_conflicts/p1_truck_shape__car_texture_02.png,0.2513720691204071,0.03204719349741936,,True
p1_truck_shape__car_texture_03,1,truck,9,car,2,2114,6271,/kaggle/working/beyond-iid/inductive-bias-representations/data/generated/cue_conflicts/p1_truck_shape__car_texture_03.png,0.28245535492897034,0.004351350013166666,,True
p1_truck_shape__car_texture_04,1,truck,9,car,2,131,1839,/kaggle/working/beyond-iid/inductive-bias-representations/data/generated/cue_conflicts/p1_truck_shape__car_texture_04.png,0.30741363763809204,0.18863600492477417,,True
p1_truck_shape__car_texture_05,1,truck,9,car,2,1515,6028,/kaggle/working/beyond-iid/inductive-bias-representations/data/generated/cue_conflicts/p1_truck_shape__car_texture_05.png,0.26640719175338745,0.01017086487263441,,True
p1_truck_shape__car_texture_06,1,truck,9,car,2,1430,5824,/kaggle/working/beyond-iid/inductive-bias-representations/data/generated/cue_conflicts/p1_truck_shape__car_texture_06.png,0.26796185970306396,7.97193861217238e-05,,True
p1_truck_shape__car_texture_07,1,truck,9,car,2,7266,4921,/kaggle/working/beyond-iid/inductive-bias-representations/data/generated/cue_conflicts/p1_truck_shape__car_texture_07.png,0.2208353877067566,0.00013950893480796367,,True
p1_truck_shape__car_texture_08,1,truck,9,car,2,3893,5318,/kaggle/working/beyond-iid/inductive-bias-representations/data/generated/cue_conflicts/p1_truck_shape__car_texture_08.png,0.24062366783618927,0.0020461310632526875,,True
p1_truck_shape__car_texture_09,1,truck,9,car,2,5851,5183,/kaggle/working/beyond-iid/inductive-bias-representations/data/generated/cue_conflicts/p1_truck_shape__car_texture_09.png,0.2632530927658081,0.0024779443629086018,,True
p1_truck_shape__car_texture_10,1,truck,9,car,2,5301,6692,/kaggle/working/beyond-iid/inductive-bias-representations/data/generated/cue_conflicts/p1_truck_shape__car_texture_10.png,0.2771069407463074,0.014176764525473118,,True
p1_truck_shape__car_texture_11,1,truck,9,car,2,7995,4735,/kaggle/working/beyond-iid/inductive-bias-representations/data/generated/cue_conflicts/p1_truck_shape__car_texture_11.png,0.243663489818573,0.0429222472012043,,True
p1_truck_shape__car_texture_12,1,truck,9,car,2,5452,5030,/kaggle/working/beyond-iid/inductive-bias-representations/data/generated/cue_conflicts/p1_truck_shape__car_texture_12.png,0.2766880691051483,0.16493941843509674,,True
p1_truck_shape__car_texture_13,1,truck,9,car,2,5284,5237,/kaggle/working/beyond-iid/inductive-bias-representations/data/generated/cue_conflicts/p1_truck_shape__car_texture_13.png,0.22700677812099457,0.027655983343720436,,True
p1_truck_shape__car_texture_14,1,truck,9,car,2,7544,6332,/kaggle/working/beyond-iid/inductive-bias-representations/data/generated/cue_conflicts/p1_truck_shape__car_texture_14.png,0.25477132201194763,0.10146284848451614,,True
p1_truck_shape__car_texture_15,1,truck,9,car,2,1411,4913,/kaggle/working/beyond-iid/inductive-bias-representations/data/generated/cue_conflicts/p1_truck_shape__car_texture_15.png,0.30443045496940613,0.11973851919174194,,True
p1_truck_shape__car_texture_16,1,truck,9,car,2,2414,981,/kaggle/working/beyond-iid/inductive-bias-representations/data/generated/cue_conflicts/p1_truck_shape__car_texture_16.png,0.15572784841060638,0.10004783421754837,,True
p1_truck_shape__car_texture_17,1,truck,9,car,2,7047,1403,/kaggle/working/beyond-iid/inductive-bias-representations/data/generated/cue_conflicts/p1_truck_shape__car_texture_17.png,0.28178393840789795,0.008616337552666664,,True
p1_truck_shape__car_texture_18,1,truck,9,car,2,4094,3454,/kaggle/working/beyond-iid/inductive-bias-representations/data/generated/cue_conflicts/p1_truck_shape__car_texture_18.png,0.24801281094551086,0.01983019709587097,,True
p1_truck_shape__car_texture_19,1,truck,9,car,2,5572,5395,/kaggle/working/beyond-iid/inductive-bias-representations/data/generated/cue_conflicts/p1_truck_shape__car_texture_19.png,0.3007064759731293,0.1547286957502365,,True
p1_truck_shape__car_texture_20,1,truck,9,car,2,7752,1586,/kaggle/working/beyond-iid/inductive-bias-representations/data/generated/cue_conflicts/p1_truck_shape__car_texture_20.png,0.21387016773223877,0.011745323427021503,,True
p1_truck_shape__car_texture_21,1,truck,9,car,2,276,5333,/kaggle/working/beyond-iid/inductive-bias-representations/data/generated/cue_conflicts/p1_truck_shape__car_texture_21.png,0.2396424412727356,0.060234639793634415,,True
p1_truck_shape__car_texture_22,1,truck,9,car,2,2351,409,/kaggle/working/beyond-iid/inductive-bias-representations/data/generated/cue_conflicts/p1_truck_shape__car_texture_22.png,0.3293696939945221,0.11475605517625809,,True
p1_truck_shape__car_texture_23,1,truck,9,car,2,5360,5756,/kaggle/working/beyond-iid/inductive-bias-representations/data/generated/cue_conflicts/p1_truck_shape__car_texture_23.png,0.2687438130378723,0.15952514111995697,,True
p1_truck_shape__car_texture_24,1,truck,9,car,2,1022,1202,/kaggle/working/beyond-iid/inductive-bias-representations/data/generated/cue_conflicts/p1_truck_shape__car_texture_24.png,0.29094281792640686,0.2487909197807312,,True
p1_truck_shape__car_texture_25,1,truck,9,car,2,1468,2392,/kaggle/working/beyond-iid/inductive-bias-representations/data/generated/cue_conflicts/p1_truck_shape__car_texture_25.png,0.27670806646347046,0.10824564099311829,,True
p1_truck_shape__car_texture_26,1,truck,9,car,2,852,317,/kaggle/working/beyond-iid/inductive-bias-representations/data/generated/cue_conflicts/p1_truck_shape__car_texture_26.png,0.26846686005592346,0.16552402079105377,,True
p1_truck_shape__car_texture_27,1,truck,9,car,2,419,7084,/kaggle/working/beyond-iid/inductive-bias-representations/data/generated/cue_conflicts/p1_truck_shape__car_texture_27.png,0.3268057405948639,0.03423283249139786,,True
p1_truck_shape__car_texture_28,1,truck,9,car,2,5508,5218,/kaggle/working/beyond-iid/inductive-bias-representations/data/generated/cue_conflicts/p1_truck_shape__car_texture_28.png,0.26681485772132874,0.16991522908210754,,True
p1_truck_shape__car_texture_29,1,truck,9,car,2,1654,6616,/kaggle/working/beyond-iid/inductive-bias-representations/data/generated/cue_conflicts/p1_truck_shape__car_texture_29.png,0.3168862760066986,0.011306866072118282,,True
p2_cat_shape__dog_texture_00,2,cat,3,dog,5,738,2391,/kaggle/working/beyond-iid/inductive-bias-representations/data/generated/cue_conflicts/p2_cat_shape__dog_texture_00.png,0.193217471241951,0.0005779655766673386,,True
p2_cat_shape__dog_texture_01,2,cat,3,dog,5,1563,6414,/kaggle/working/beyond-iid/inductive-bias-representations/data/generated/cue_conflicts/p2_cat_shape__dog_texture_01.png,0.22232915461063385,0.003135629231110215,,True
p2_cat_shape__dog_texture_02,2,cat,3,dog,5,4590,6224,/kaggle/working/beyond-iid/inductive-bias-representations/data/generated/cue_conflicts/p2_cat_shape__dog_texture_02.png,0.23947153985500336,0.005168473813682795,,True
p2_cat_shape__dog_texture_03,2,cat,3,dog,5,6952,2766,/kaggle/working/beyond-iid/inductive-bias-representations/data/generated/cue_conflicts/p2_cat_shape__dog_texture_03.png,0.2604671120643616,0.07693585008382797,,True
p2_cat_shape__dog_texture_04,2,cat,3,dog,5,391,1552,/kaggle/working/beyond-iid/inductive-bias-representations/data/generated/cue_conflicts/p2_cat_shape__dog_texture_04.png,0.17335155606269836,0.0005248193047009408,,True
p2_cat_shape__dog_texture_05,2,cat,3,dog,5,5528,2623,/kaggle/working/beyond-iid/inductive-bias-representations/data/generated/cue_conflicts/p2_cat_shape__dog_texture_05.png,0.2635831832885742,0.06697092950344086,,True
p2_cat_shape__dog_texture_06,2,cat,3,dog,5,1401,7130,/kaggle/working/beyond-iid/inductive-bias-representations/data/generated/cue_conflicts/p2_cat_shape__dog_texture_06.png,0.14353542029857635,0.0,,True
p2_cat_shape__dog_texture_07,2,cat,3,dog,5,4229,1095,/kaggle/working/beyond-iid/inductive-bias-representations/data/generated/cue_conflicts/p2_cat_shape__dog_texture_07.png,0.14072738587856293,0.0009101296891458333,,True
p2_cat_shape__dog_texture_08,2,cat,3,dog,5,677,6358,/kaggle/working/beyond-iid/inductive-bias-representations/data/generated/cue_conflicts/p2_cat_shape__dog_texture_08.png,0.21937546133995056,0.004690157249569893,,True
p2_cat_shape__dog_texture_09,2,cat,3,dog,5,4323,2950,/kaggle/working/beyond-iid/inductive-bias-representations/data/generated/cue_conflicts/p2_cat_shape__dog_texture_09.png,0.25392812490463257,0.007599914912134409,,True
p2_cat_shape__dog_texture_10,2,cat,3,dog,5,2028,5924,/kaggle/working/beyond-iid/inductive-bias-representations/data/generated/cue_conflicts/p2_cat_shape__dog_texture_10.png,0.16995708644390106,0.00010629251482896507,,True
p2_cat_shape__dog_texture_11,2,cat,3,dog,5,4463,5101,/kaggle/working/beyond-iid/inductive-bias-representations/data/generated/cue_conflicts/p2_cat_shape__dog_texture_11.png,0.22887489199638367,0.02695179544389248,,True
p2_cat_shape__dog_texture_12,2,cat,3,dog,5,1431,4850,/kaggle/working/beyond-iid/inductive-bias-representations/data/generated/cue_conflicts/p2_cat_shape__dog_texture_12.png,0.2673218250274658,0.007938722148537636,,True
p2_cat_shape__dog_texture_13,2,cat,3,dog,5,3914,1644,/kaggle/working/beyond-iid/inductive-bias-representations/data/generated/cue_conflicts/p2_cat_shape__dog_texture_13.png,0.22404249012470245,0.014987245202064514,,True
p2_cat_shape__dog_texture_14,2,cat,3,dog,5,4609,7474,/kaggle/working/beyond-iid/inductive-bias-representations/data/generated/cue_conflicts/p2_cat_shape__dog_texture_14.png,0.22577998042106628,0.0008304102811962366,,True
p2_cat_shape__dog_texture_15,2,cat,3,dog,5,3851,319,/kaggle/working/beyond-iid/inductive-bias-representations/data/generated/cue_conflicts/p2_cat_shape__dog_texture_15.png,0.19634467363357544,0.038026146590709686,,True
p2_cat_shape__dog_texture_16,2,cat,3,dog,5,2291,4290,/kaggle/working/beyond-iid/inductive-bias-representations/data/generated/cue_conflicts/p2_cat_shape__dog_texture_16.png,0.1786416620016098,7.97193861217238e-05,,True
p2_cat_shape__dog_texture_17,2,cat,3,dog,5,6490,3852,/kaggle/working/beyond-iid/inductive-bias-representations/data/generated/cue_conflicts/p2_cat_shape__dog_texture_17.png,0.2746756374835968,0.01718617044389248,,True
p2_cat_shape__dog_texture_18,2,cat,3,dog,5,3383,4547,/kaggle/working/beyond-iid/inductive-bias-representations/data/generated/cue_conflicts/p2_cat_shape__dog_texture_18.png,0.17404012382030487,0.0002923044085036963,,True
p2_cat_shape__dog_texture_19,2,cat,3,dog,5,7416,2268,/kaggle/working/beyond-iid/inductive-bias-representations/data/generated/cue_conflicts/p2_cat_shape__dog_texture_19.png,0.2445753961801529,0.08126062899827957,,True
p2_cat_shape__dog_texture_20,2,cat,3,dog,5,1370,7776,/kaggle/working/beyond-iid/inductive-bias-representations/data/generated/cue_conflicts/p2_cat_shape__dog_texture_20.png,0.21495473384857178,0.0918898805975914,,True
p2_cat_shape__dog_texture_21,2,cat,3,dog,5,1531,97,/kaggle/working/beyond-iid/inductive-bias-representations/data/generated/cue_conflicts/p2_cat_shape__dog_texture_21.png,0.25938645005226135,0.002942973980680108,,True
p2_cat_shape__dog_texture_22,2,cat,3,dog,5,791,4966,/kaggle/working/beyond-iid/inductive-bias-representations/data/generated/cue_conflicts/p2_cat_shape__dog_texture_22.png,0.30196499824523926,0.06127099320292473,,True
p2_cat_shape__dog_texture_23,2,cat,3,dog,5,7744,6716,/kaggle/working/beyond-iid/inductive-bias-representations/data/generated/cue_conflicts/p2_cat_shape__dog_texture_23.png,0.19162636995315552,0.0,,True
p2_cat_shape__dog_texture_24,2,cat,3,dog,5,3276,5381,/kaggle/working/beyond-iid/inductive-bias-representations/data/generated/cue_conflicts/p2_cat_shape__dog_texture_24.png,0.2303876429796219,0.012861394323408604,,True
p2_cat_shape__dog_texture_25,2,cat,3,dog,5,176,685,/kaggle/working/beyond-iid/inductive-bias-representations/data/generated/cue_conflicts/p2_cat_shape__dog_texture_25.png,0.18998880684375763,0.0,,True
p2_cat_shape__dog_texture_26,2,cat,3,dog,5,632,3889,/kaggle/working/beyond-iid/inductive-bias-representations/data/generated/cue_conflicts/p2_cat_shape__dog_texture_26.png,0.23573598265647888,0.012270142324268818,,True
p2_cat_shape__dog_texture_27,2,cat,3,dog,5,372,568,/kaggle/working/beyond-iid/inductive-bias-representations/data/generated/cue_conflicts/p2_cat_shape__dog_texture_27.png,0.3327252268791199,0.0011293579591438174,,True
p2_cat_shape__dog_texture_28,2,cat,3,dog,5,4330,2334,/kaggle/working/beyond-iid/inductive-bias-representations/data/generated/cue_conflicts/p2_cat_shape__dog_texture_28.png,0.20331433415412903,0.00021922831365372986,,True
p2_cat_shape__dog_texture_29,2,cat,3,dog,5,7793,3863,/kaggle/working/beyond-iid/inductive-bias-representations/data/generated/cue_conflicts/p2_cat_shape__dog_texture_29.png,0.28513795137405396,0.01404389925301075,,True
p2_dog_shape__cat_texture_00,2,dog,5,cat,3,6716,2536,/kaggle/working/beyond-iid/inductive-bias-representations/data/generated/cue_conflicts/p2_dog_shape__cat_texture_00.png,0.16802632808685303,0.0009234162280336022,,True
p2_dog_shape__cat_texture_01,2,dog,5,cat,3,2766,7744,/kaggle/working/beyond-iid/inductive-bias-representations/data/generated/cue_conflicts/p2_dog_shape__cat_texture_01.png,0.3343339264392853,0.07582642138004303,,True
p2_dog_shape__cat_texture_02,2,dog,5,cat,3,1626,365,/kaggle/working/beyond-iid/inductive-bias-representations/data/generated/cue_conflicts/p2_dog_shape__cat_texture_02.png,0.16997691988945007,0.0,,True
p2_dog_shape__cat_texture_03,2,dog,5,cat,3,4850,1204,/kaggle/working/beyond-iid/inductive-bias-representations/data/generated/cue_conflicts/p2_dog_shape__cat_texture_03.png,0.17839676141738892,0.0,,True
p2_dog_shape__cat_texture_04,2,dog,5,cat,3,7041,4215,/kaggle/working/beyond-iid/inductive-bias-representations/data/generated/cue_conflicts/p2_dog_shape__cat_texture_04.png,0.30560243129730225,0.09027556329965591,,True
p2_dog_shape__cat_texture_05,2,dog,5,cat,3,1877,4531,/kaggle/working/beyond-iid/inductive-bias-representations/data/generated/cue_conflicts/p2_dog_shape__cat_texture_05.png,0.14232870936393738,0.0,,True
p2_dog_shape__cat_texture_06,2,dog,5,cat,3,5496,677,/kaggle/working/beyond-iid/inductive-bias-representations/data/generated/cue_conflicts/p2_dog_shape__cat_texture_06.png,0.2985838055610657,0.031794749200344086,,True
p2_dog_shape__cat_texture_07,2,dog,5,cat,3,5701,4881,/kaggle/working/beyond-iid/inductive-bias-representations/data/generated/cue_conflicts/p2_dog_shape__cat_texture_07.png,0.2352650761604309,0.018886851146817207,,True
p2_dog_shape__cat_texture_08,2,dog,5,cat,3,7474,372,/kaggle/working/beyond-iid/inductive-bias-representations/data/generated/cue_conflicts/p2_dog_shape__cat_texture_08.png,0.2029922604560852,0.0,,True
p2_dog_shape__cat_texture_09,2,dog,5,cat,3,2807,7793,/kaggle/working/beyond-iid/inductive-bias-representations/data/generated/cue_conflicts/p2_dog_shape__cat_texture_09.png,0.26645627617836,0.0016674638027325273,,True
p2_dog_shape__cat_texture_10,2,dog,5,cat,3,3353,3276,/kaggle/working/beyond-iid/inductive-bias-representations/data/generated/cue_conflicts/p2_dog_shape__cat_texture_10.png,0.23555070161819458,0.0016608205623924732,,True
p2_dog_shape__cat_texture_11,2,dog,5,cat,3,5101,4330,/kaggle/working/beyond-iid/inductive-bias-representations/data/generated/cue_conflicts/p2_dog_shape__cat_texture_11.png,0.2248380184173584,0.0010562818497419357,,True
p2_dog_shape__cat_texture_12,2,dog,5,cat,3,2458,6952,/kaggle/working/beyond-iid/inductive-bias-representations/data/generated/cue_conflicts/p2_dog_shape__cat_texture_12.png,0.23094990849494934,0.0,,True
p2_dog_shape__cat_texture_13,2,dog,5,cat,3,2623,4609,/kaggle/working/beyond-iid/inductive-bias-representations/data/generated/cue_conflicts/p2_dog_shape__cat_texture_13.png,0.23355841636657715,0.0005713222781196237,,True
p2_dog_shape__cat_texture_14,2,dog,5,cat,3,6414,4821,/kaggle/working/beyond-iid/inductive-bias-representations/data/generated/cue_conflicts/p2_dog_shape__cat_texture_14.png,0.16436366736888885,0.0,,True
p2_dog_shape__cat_texture_15,2,dog,5,cat,3,2265,5528,/kaggle/working/beyond-iid/inductive-bias-representations/data/generated/cue_conflicts/p2_dog_shape__cat_texture_15.png,0.17603465914726257,0.0,,True
p2_dog_shape__cat_texture_16,2,dog,5,cat,3,6989,1563,/kaggle/working/beyond-iid/inductive-bias-representations/data/generated/cue_conflicts/p2_dog_shape__cat_texture_16.png,0.2566432058811188,0.000498246168717742,,True
p2_dog_shape__cat_texture_17,2,dog,5,cat,3,7130,4908,/kaggle/working/beyond-iid/inductive-bias-representations/data/generated/cue_conflicts/p2_dog_shape__cat_texture_17.png,0.1427411139011383,0.000730761035811156,,True
p2_dog_shape__cat_texture_18,2,dog,5,cat,3,3889,3851,/kaggle/working/beyond-iid/inductive-bias-representations/data/generated/cue_conflicts/p2_dog_shape__cat_texture_18.png,0.19076266884803772,0.0,,True
p2_dog_shape__cat_texture_19,2,dog,5,cat,3,7706,2291,/kaggle/working/beyond-iid/inductive-bias-representations/data/generated/cue_conflicts/p2_dog_shape__cat_texture_19.png,0.21460604667663574,0.012363147921860218,,True
p2_dog_shape__cat_texture_20,2,dog,5,cat,3,4547,4168,/kaggle/working/beyond-iid/inductive-bias-representations/data/generated/cue_conflicts/p2_dog_shape__cat_texture_20.png,0.22407729923725128,0.0030492665246129036,,True
p2_dog_shape__cat_texture_21,2,dog,5,cat,3,2950,176,/kaggle/working/beyond-iid/inductive-bias-representations/data/generated/cue_conflicts/p2_dog_shape__cat_texture_21.png,0.17422853410243988,0.0,,True
p2_dog_shape__cat_texture_22,2,dog,5,cat,3,5332,7797,/kaggle/working/beyond-iid/inductive-bias-representations/data/generated/cue_conflicts/p2_dog_shape__cat_texture_22.png,0.2155759185552597,0.04387887939810753,,True
p2_dog_shape__cat_texture_23,2,dog,5,cat,3,1644,3562,/kaggle/working/beyond-iid/inductive-bias-representations/data/generated/cue_conflicts/p2_dog_shape__cat_texture_23.png,0.18542221188545227,0.00025908800307661295,,True
p2_dog_shape__cat_texture_24,2,dog,5,cat,3,7413,2754,/kaggle/working/beyond-iid/inductive-bias-representations/data/generated/cue_conflicts/p2_dog_shape__cat_texture_24.png,0.28413155674934387,0.0025576637126505375,,True
p2_dog_shape__cat_texture_25,2,dog,5,cat,3,5924,1531,/kaggle/working/beyond-iid/inductive-bias-representations/data/generated/cue_conflicts/p2_dog_shape__cat_texture_25.png,0.1703409105539322,0.00011293579882476479,,True
p2_dog_shape__cat_texture_26,2,dog,5,cat,3,378,4023,/kaggle/working/beyond-iid/inductive-bias-representations/data/generated/cue_conflicts/p2_dog_shape__cat_texture_26.png,0.21699130535125732,2.6573128707241267e-05,,True
p2_dog_shape__cat_texture_27,2,dog,5,cat,3,7776,4323,/kaggle/working/beyond-iid/inductive-bias-representations/data/generated/cue_conflicts/p2_dog_shape__cat_texture_27.png,0.24036738276481628,0.00042517005931586027,,True
p2_dog_shape__cat_texture_28,2,dog,5,cat,3,6922,4590,/kaggle/working/beyond-iid/inductive-bias-representations/data/generated/cue_conflicts/p2_dog_shape__cat_texture_28.png,0.2704524099826813,0.09419509768486023,,True
p2_dog_shape__cat_texture_29,2,dog,5,cat,3,2268,738,/kaggle/working/beyond-iid/inductive-bias-representations/data/generated/cue_conflicts/p2_dog_shape__cat_texture_29.png,0.28619715571403503,0.06606744229793549,,True
p3_deer_shape__horse_texture_00,3,deer,4,horse,6,3287,4341,/kaggle/working/beyond-iid/inductive-bias-representations/data/generated/cue_conflicts/p3_deer_shape__horse_texture_00.png,0.20412369072437286,0.0006111819529905915,,True
p3_deer_shape__horse_texture_01,3,deer,4,horse,6,7475,3777,/kaggle/working/beyond-iid/inductive-bias-representations/data/generated/cue_conflicts/p3_deer_shape__horse_texture_01.png,0.21625158190727234,0.0,,True
p3_deer_shape__horse_texture_02,3,deer,4,horse,6,1211,4620,/kaggle/working/beyond-iid/inductive-bias-representations/data/generated/cue_conflicts/p3_deer_shape__horse_texture_02.png,0.21033082902431488,0.006902370136231184,,True
p3_deer_shape__horse_texture_03,3,deer,4,horse,6,4642,5858,/kaggle/working/beyond-iid/inductive-bias-representations/data/generated/cue_conflicts/p3_deer_shape__horse_texture_03.png,0.18855884671211243,0.06103183329105377,,True
p3_deer_shape__horse_texture_04,3,deer,4,horse,6,6288,3292,/kaggle/working/beyond-iid/inductive-bias-representations/data/generated/cue_conflicts/p3_deer_shape__horse_texture_04.png,0.1778196096420288,0.02271338179707527,,True
p3_deer_shape__horse_texture_05,3,deer,4,horse,6,6528,7726,/kaggle/working/beyond-iid/inductive-bias-representations/data/generated/cue_conflicts/p3_deer_shape__horse_texture_05.png,0.2012193202972412,0.005540497601032257,,True
p3_deer_shape__horse_texture_06,3,deer,4,horse,6,7610,929,/kaggle/working/beyond-iid/inductive-bias-representations/data/generated/cue_conflicts/p3_deer_shape__horse_texture_06.png,0.21663819253444672,0.012828177772462368,,True
p3_deer_shape__horse_texture_07,3,deer,4,horse,6,691,3844,/kaggle/working/beyond-iid/inductive-bias-representations/data/generated/cue_conflicts/p3_deer_shape__horse_texture_07.png,0.2050059586763382,0.0016608205623924732,,True
p3_deer_shape__horse_texture_08,3,deer,4,horse,6,2399,5408,/kaggle/working/beyond-iid/inductive-bias-representations/data/generated/cue_conflicts/p3_deer_shape__horse_texture_08.png,0.19647018611431122,0.0,,True
p3_deer_shape__horse_texture_09,3,deer,4,horse,6,1960,5082,/kaggle/working/beyond-iid/inductive-bias-representations/data/generated/cue_conflicts/p3_deer_shape__horse_texture_09.png,0.2210233211517334,0.019424958154559135,,True
p3_deer_shape__horse_texture_10,3,deer,4,horse,6,5213,873,/kaggle/working/beyond-iid/inductive-bias-representations/data/generated/cue_conflicts/p3_deer_shape__horse_texture_10.png,0.27039676904678345,0.015598426572978497,,True
p3_deer_shape__horse_texture_11,3,deer,4,horse,6,1429,4731,/kaggle/working/beyond-iid/inductive-bias-representations/data/generated/cue_conflicts/p3_deer_shape__horse_texture_11.png,0.23570570349693298,0.00015279548824764788,,True
p3_deer_shape__horse_texture_12,3,deer,4,horse,6,171,7779,/kaggle/working/beyond-iid/inductive-bias-representations/data/generated/cue_conflicts/p3_deer_shape__horse_texture_12.png,0.23117375373840332,0.03421954810619354,,True
p3_deer_shape__horse_texture_13,3,deer,4,horse,6,855,920,/kaggle/working/beyond-iid/inductive-bias-representations/data/generated/cue_conflicts/p3_deer_shape__horse_texture_13.png,0.21968282759189606,0.011386585421860218,,True
p3_deer_shape__horse_texture_14,3,deer,4,horse,6,3122,3779,/kaggle/working/beyond-iid/inductive-bias-representations/data/generated/cue_conflicts/p3_deer_shape__horse_texture_14.png,0.1632852405309677,0.0013220132095739245,,True
p3_deer_shape__horse_texture_15,3,deer,4,horse,6,506,449,/kaggle/working/beyond-iid/inductive-bias-representations/data/generated/cue_conflicts/p3_deer_shape__horse_texture_15.png,0.20658066868782043,0.002178996568545699,,True
p3_deer_shape__horse_texture_16,3,deer,4,horse,6,5062,4754,/kaggle/working/beyond-iid/inductive-bias-representations/data/generated/cue_conflicts/p3_deer_shape__horse_texture_16.png,0.22102458775043488,0.0002657313016243279,,True
p3_deer_shape__horse_texture_17,3,deer,4,horse,6,3512,3962,/kaggle/working/beyond-iid/inductive-bias-representations/data/generated/cue_conflicts/p3_deer_shape__horse_texture_17.png,0.19526883959770203,0.0008436968782916665,,True
p3_deer_shape__horse_texture_18,3,deer,4,horse,6,6033,7108,/kaggle/working/beyond-iid/inductive-bias-representations/data/generated/cue_conflicts/p3_deer_shape__horse_texture_18.png,0.265618234872818,0.006284545175731182,,True
p3_deer_shape__horse_texture_19,3,deer,4,horse,6,5077,4746,/kaggle/working/beyond-iid/inductive-bias-representations/data/generated/cue_conflicts/p3_deer_shape__horse_texture_19.png,0.18558986485004425,1.992984653043095e-05,,True
p3_deer_shape__horse_texture_20,3,deer,4,horse,6,3034,890,/kaggle/working/beyond-iid/inductive-bias-representations/data/generated/cue_conflicts/p3_deer_shape__horse_texture_20.png,0.1691693812608719,0.0026705993805080652,,True
p3_deer_shape__horse_texture_21,3,deer,4,horse,6,1124,6713,/kaggle/working/beyond-iid/inductive-bias-representations/data/generated/cue_conflicts/p3_deer_shape__horse_texture_21.png,0.22055529057979584,0.0042118411511182785,,True
p3_deer_shape__horse_texture_22,3,deer,4,horse,6,4629,3494,/kaggle/working/beyond-iid/inductive-bias-representations/data/generated/cue_conflicts/p3_deer_shape__horse_texture_22.png,0.20793145895004272,0.00013286565081216395,,True
p3_deer_shape__horse_texture_23,3,deer,4,horse,6,3763,4411,/kaggle/working/beyond-iid/inductive-bias-representations/data/generated/cue_conflicts/p3_deer_shape__horse_texture_23.png,0.18838222324848175,0.011725393123924732,,True
p3_deer_shape__horse_texture_24,3,deer,4,horse,6,3458,4093,/kaggle/working/beyond-iid/inductive-bias-representations/data/generated/cue_conflicts/p3_deer_shape__horse_texture_24.png,0.23853103816509247,0.11548017710447311,,True
p3_deer_shape__horse_texture_25,3,deer,4,horse,6,6508,5580,/kaggle/working/beyond-iid/inductive-bias-representations/data/generated/cue_conflicts/p3_deer_shape__horse_texture_25.png,0.20964856445789337,0.003660448594018817,,True
p3_deer_shape__horse_texture_26,3,deer,4,horse,6,3179,977,/kaggle/working/beyond-iid/inductive-bias-representations/data/generated/cue_conflicts/p3_deer_shape__horse_texture_26.png,0.19849541783332825,0.0006576849264092743,,True
p3_deer_shape__horse_texture_27,3,deer,4,horse,6,3994,1667,/kaggle/working/beyond-iid/inductive-bias-representations/data/generated/cue_conflicts/p3_deer_shape__horse_texture_27.png,0.1958627551794052,6.643282176810317e-06,,True
p3_deer_shape__horse_texture_28,3,deer,4,horse,6,5623,3515,/kaggle/working/beyond-iid/inductive-bias-representations/data/generated/cue_conflicts/p3_deer_shape__horse_texture_28.png,0.24494846165180206,0.004218484275043011,,True
p3_deer_shape__horse_texture_29,3,deer,4,horse,6,2898,5382,/kaggle/working/beyond-iid/inductive-bias-representations/data/generated/cue_conflicts/p3_deer_shape__horse_texture_29.png,0.22264382243156433,0.02206898294389248,,True
p3_horse_shape__deer_texture_00,3,horse,6,deer,4,7996,3891,/kaggle/working/beyond-iid/inductive-bias-representations/data/generated/cue_conflicts/p3_horse_shape__deer_texture_00.png,0.18444567918777466,0.0004318133578635752,,True
p3_horse_shape__deer_texture_01,3,horse,6,deer,4,7779,1211,/kaggle/working/beyond-iid/inductive-bias-representations/data/generated/cue_conflicts/p3_horse_shape__deer_texture_01.png,0.14643016457557678,0.0,,True
p3_horse_shape__deer_texture_02,3,horse,6,deer,4,3777,5062,/kaggle/working/beyond-iid/inductive-bias-representations/data/generated/cue_conflicts/p3_horse_shape__deer_texture_02.png,0.2383793592453003,0.0002458014350850135,,True
p3_horse_shape__deer_texture_03,3,horse,6,deer,4,929,1429,/kaggle/working/beyond-iid/inductive-bias-representations/data/generated/cue_conflicts/p3_horse_shape__deer_texture_03.png,0.2665596902370453,0.030446162447333336,,True
p3_horse_shape__deer_texture_04,3,horse,6,deer,4,1534,5402,/kaggle/working/beyond-iid/inductive-bias-representations/data/generated/cue_conflicts/p3_horse_shape__deer_texture_04.png,0.2387906014919281,0.010875052772462368,,True
p3_horse_shape__deer_texture_05,3,horse,6,deer,4,7555,1111,/kaggle/working/beyond-iid/inductive-bias-representations/data/generated/cue_conflicts/p3_horse_shape__deer_texture_05.png,0.1789015829563141,6.643282176810317e-06,,True
p3_horse_shape__deer_texture_06,3,horse,6,deer,4,3494,3034,/kaggle/working/beyond-iid/inductive-bias-representations/data/generated/cue_conflicts/p3_horse_shape__deer_texture_06.png,0.14252367615699768,0.0,,True
p3_horse_shape__deer_texture_07,3,horse,6,deer,4,3191,5623,/kaggle/working/beyond-iid/inductive-bias-representations/data/generated/cue_conflicts/p3_horse_shape__deer_texture_07.png,0.20288419723510742,8.636267011752352e-05,,True
p3_horse_shape__deer_texture_08,3,horse,6,deer,4,449,506,/kaggle/working/beyond-iid/inductive-bias-representations/data/generated/cue_conflicts/p3_horse_shape__deer_texture_08.png,0.19992627203464508,0.0008769132546149194,,True
p3_horse_shape__deer_texture_09,3,horse,6,deer,4,4746,5135,/kaggle/working/beyond-iid/inductive-bias-representations/data/generated/cue_conflicts/p3_horse_shape__deer_texture_09.png,0.2570895254611969,0.009752338752150536,,True
p3_horse_shape__deer_texture_10,3,horse,6,deer,4,1667,3365,/kaggle/working/beyond-iid/inductive-bias-representations/data/generated/cue_conflicts/p3_horse_shape__deer_texture_10.png,0.20075048506259918,0.0005646789795719087,,True
p3_horse_shape__deer_texture_11,3,horse,6,deer,4,7781,7475,/kaggle/working/beyond-iid/inductive-bias-representations/data/generated/cue_conflicts/p3_horse_shape__deer_texture_11.png,0.2175014764070511,0.012549160048365593,,True
p3_horse_shape__deer_texture_12,3,horse,6,deer,4,4754,5789,/kaggle/working/beyond-iid/inductive-bias-representations/data/generated/cue_conflicts/p3_horse_shape__deer_texture_12.png,0.19391566514968872,0.02541719749569893,,True
p3_horse_shape__deer_texture_13,3,horse,6,deer,4,977,3287,/kaggle/working/beyond-iid/inductive-bias-representations/data/generated/cue_conflicts/p3_horse_shape__deer_texture_13.png,0.22612164914608002,0.001229007262736559,,True
p3_horse_shape__deer_texture_14,3,horse,6,deer,4,3779,6097,/kaggle/working/beyond-iid/inductive-bias-representations/data/generated/cue_conflicts/p3_horse_shape__deer_texture_14.png,0.24909590184688568,0.005068824626505375,,True
p3_horse_shape__deer_texture_15,3,horse,6,deer,4,873,2898,/kaggle/working/beyond-iid/inductive-bias-representations/data/generated/cue_conflicts/p3_horse_shape__deer_texture_15.png,0.2340656965970993,0.0,,True
p3_horse_shape__deer_texture_16,3,horse,6,deer,4,2003,6508,/kaggle/working/beyond-iid/inductive-bias-representations/data/generated/cue_conflicts/p3_horse_shape__deer_texture_16.png,0.16929420828819275,0.026147959753870964,,True
p3_horse_shape__deer_texture_17,3,horse,6,deer,4,5729,6033,/kaggle/working/beyond-iid/inductive-bias-representations/data/generated/cue_conflicts/p3_horse_shape__deer_texture_17.png,0.2219419926404953,0.0010429953690618277,,True
p3_horse_shape__deer_texture_18,3,horse,6,deer,4,4827,6528,/kaggle/working/beyond-iid/inductive-bias-representations/data/generated/cue_conflicts/p3_horse_shape__deer_texture_18.png,0.12794524431228638,0.0,,True
p3_horse_shape__deer_texture_19,3,horse,6,deer,4,890,3122,/kaggle/working/beyond-iid/inductive-bias-representations/data/generated/cue_conflicts/p3_horse_shape__deer_texture_19.png,0.20578965544700623,0.0126953125,,True
p3_horse_shape__deer_texture_20,3,horse,6,deer,4,7726,171,/kaggle/working/beyond-iid/inductive-bias-representations/data/generated/cue_conflicts/p3_horse_shape__deer_texture_20.png,0.1918441653251648,0.00016608205623924732,,True
p3_horse_shape__deer_texture_21,3,horse,6,deer,4,5580,7610,/kaggle/working/beyond-iid/inductive-bias-representations/data/generated/cue_conflicts/p3_horse_shape__deer_texture_21.png,0.18837952613830566,2.6573128707241267e-05,,True
p3_horse_shape__deer_texture_22,3,horse,6,deer,4,4011,5556,/kaggle/working/beyond-iid/inductive-bias-representations/data/generated/cue_conflicts/p3_horse_shape__deer_texture_22.png,0.20788784325122833,0.02006935514509678,,True
p3_horse_shape__deer_texture_23,3,horse,6,deer,4,4731,4740,/kaggle/working/beyond-iid/inductive-bias-representations/data/generated/cue_conflicts/p3_horse_shape__deer_texture_23.png,0.20630677044391632,0.00040524022188037634,,True
p3_horse_shape__deer_texture_24,3,horse,6,deer,4,4341,766,/kaggle/working/beyond-iid/inductive-bias-representations/data/generated/cue_conflicts/p3_horse_shape__deer_texture_24.png,0.20206096768379211,0.0026041667442768812,,True
p3_horse_shape__deer_texture_25,3,horse,6,deer,4,6713,7944,/kaggle/working/beyond-iid/inductive-bias-representations/data/generated/cue_conflicts/p3_horse_shape__deer_texture_25.png,0.17214806377887726,0.00022587159764952958,,True
p3_horse_shape__deer_texture_26,3,horse,6,deer,4,5408,3179,/kaggle/working/beyond-iid/inductive-bias-representations/data/generated/cue_conflicts/p3_horse_shape__deer_texture_26.png,0.17935268580913544,0.0007108311983756721,,True
p3_horse_shape__deer_texture_27,3,horse,6,deer,4,5858,6288,/kaggle/working/beyond-iid/inductive-bias-representations/data/generated/cue_conflicts/p3_horse_shape__deer_texture_27.png,0.18795432150363922,0.00041188349132426083,,True
p3_horse_shape__deer_texture_28,3,horse,6,deer,4,3844,1960,/kaggle/working/beyond-iid/inductive-bias-representations/data/generated/cue_conflicts/p3_horse_shape__deer_texture_28.png,0.16719339787960052,4.650297705666162e-05,,True
p3_horse_shape__deer_texture_29,3,horse,6,deer,4,545,5467,/kaggle/working/beyond-iid/inductive-bias-representations/data/generated/cue_conflicts/p3_horse_shape__deer_texture_29.png,0.23034246265888214,0.004431069362908602,,True
p4_monkey_shape__ship_texture_00,4,monkey,7,ship,8,2854,2230,/kaggle/working/beyond-iid/inductive-bias-representations/data/generated/cue_conflicts/p4_monkey_shape__ship_texture_00.png,0.24591192603111267,0.035700999200344086,,True
p4_monkey_shape__ship_texture_01,4,monkey,7,ship,8,4704,5705,/kaggle/working/beyond-iid/inductive-bias-representations/data/generated/cue_conflicts/p4_monkey_shape__ship_texture_01.png,0.20705576241016388,0.002238786080852151,,True
p4_monkey_shape__ship_texture_02,4,monkey,7,ship,8,323,1640,/kaggle/working/beyond-iid/inductive-bias-representations/data/generated/cue_conflicts/p4_monkey_shape__ship_texture_02.png,0.33567535877227783,0.05203018710017204,,True
p4_monkey_shape__ship_texture_03,4,monkey,7,ship,8,4236,5694,/kaggle/working/beyond-iid/inductive-bias-representations/data/generated/cue_conflicts/p4_monkey_shape__ship_texture_03.png,0.2923152446746826,0.006822650786489248,,True
p4_monkey_shape__ship_texture_04,4,monkey,7,ship,8,5436,962,/kaggle/working/beyond-iid/inductive-bias-representations/data/generated/cue_conflicts/p4_monkey_shape__ship_texture_04.png,0.21553196012973785,0.0016541773220524192,,True
p4_monkey_shape__ship_texture_05,4,monkey,7,ship,8,3867,7460,/kaggle/working/beyond-iid/inductive-bias-representations/data/generated/cue_conflicts/p4_monkey_shape__ship_texture_05.png,0.23209373652935028,0.005972310900688171,,True
p4_monkey_shape__ship_texture_06,4,monkey,7,ship,8,1956,1247,/kaggle/working/beyond-iid/inductive-bias-representations/data/generated/cue_conflicts/p4_monkey_shape__ship_texture_06.png,0.23776721954345703,0.0,,True
p4_monkey_shape__ship_texture_07,4,monkey,7,ship,8,7835,3015,/kaggle/working/beyond-iid/inductive-bias-representations/data/generated/cue_conflicts/p4_monkey_shape__ship_texture_07.png,0.28670457005500793,0.0057663689367473125,,True
p4_monkey_shape__ship_texture_08,4,monkey,7,ship,8,1287,7818,/kaggle/working/beyond-iid/inductive-bias-representations/data/generated/cue_conflicts/p4_monkey_shape__ship_texture_08.png,0.24407777190208435,0.0010297087719663978,,True
p4_monkey_shape__ship_texture_09,4,monkey,7,ship,8,7270,4990,/kaggle/working/beyond-iid/inductive-bias-representations/data/generated/cue_conflicts/p4_monkey_shape__ship_texture_09.png,0.2712174952030182,0.0035275828558951616,,True
p4_monkey_shape__ship_texture_10,4,monkey,7,ship,8,1703,3905,/kaggle/working/beyond-iid/inductive-bias-representations/data/generated/cue_conflicts/p4_monkey_shape__ship_texture_10.png,0.19578590989112854,9.964923810912296e-05,,True
p4_monkey_shape__ship_texture_11,4,monkey,7,ship,8,4661,7446,/kaggle/working/beyond-iid/inductive-bias-representations/data/generated/cue_conflicts/p4_monkey_shape__ship_texture_11.png,0.22857165336608887,0.0036139455623924732,,True
p4_monkey_shape__ship_texture_12,4,monkey,7,ship,8,5848,194,/kaggle/working/beyond-iid/inductive-bias-representations/data/generated/cue_conflicts/p4_monkey_shape__ship_texture_12.png,0.2429858148097992,0.0052083334885537624,,True
p4_monkey_shape__ship_texture_13,4,monkey,7,ship,8,29,2340,/kaggle/working/beyond-iid/inductive-bias-representations/data/generated/cue_conflicts/p4_monkey_shape__ship_texture_13.png,0.1561300903558731,4.650297705666162e-05,,True
p4_monkey_shape__ship_texture_14,4,monkey,7,ship,8,1884,4662,/kaggle/working/beyond-iid/inductive-bias-representations/data/generated/cue_conflicts/p4_monkey_shape__ship_texture_14.png,0.19215114414691925,0.00013286565081216395,,True
p4_monkey_shape__ship_texture_15,4,monkey,7,ship,8,4791,7999,/kaggle/working/beyond-iid/inductive-bias-representations/data/generated/cue_conflicts/p4_monkey_shape__ship_texture_15.png,0.12883608043193817,0.003421290311962366,,True
p4_monkey_shape__ship_texture_16,4,monkey,7,ship,8,2501,3948,/kaggle/working/beyond-iid/inductive-bias-representations/data/generated/cue_conflicts/p4_monkey_shape__ship_texture_16.png,0.2564864754676819,0.0002325148816453293,,True
p4_monkey_shape__ship_texture_17,4,monkey,7,ship,8,4172,2342,/kaggle/working/beyond-iid/inductive-bias-representations/data/generated/cue_conflicts/p4_monkey_shape__ship_texture_17.png,0.18562248349189758,0.0,,True
p4_monkey_shape__ship_texture_18,4,monkey,7,ship,8,370,2745,/kaggle/working/beyond-iid/inductive-bias-representations/data/generated/cue_conflicts/p4_monkey_shape__ship_texture_18.png,0.2316935807466507,1.992984653043095e-05,,True
p4_monkey_shape__ship_texture_19,4,monkey,7,ship,8,3153,2844,/kaggle/working/beyond-iid/inductive-bias-representations/data/generated/cue_conflicts/p4_monkey_shape__ship_texture_19.png,0.17552541196346283,2.6573128707241267e-05,,True
p4_monkey_shape__ship_texture_20,4,monkey,7,ship,8,269,4552,/kaggle/working/beyond-iid/inductive-bias-representations/data/generated/cue_conflicts/p4_monkey_shape__ship_texture_20.png,0.2846915125846863,0.0012622236972674727,,True
p4_monkey_shape__ship_texture_21,4,monkey,7,ship,8,3446,4242,/kaggle/working/beyond-iid/inductive-bias-representations/data/generated/cue_conflicts/p4_monkey_shape__ship_texture_21.png,0.2543628513813019,0.00580622861161828,,True
p4_monkey_shape__ship_texture_22,4,monkey,7,ship,8,7081,5000,/kaggle/working/beyond-iid/inductive-bias-representations/data/generated/cue_conflicts/p4_monkey_shape__ship_texture_22.png,0.22421704232692719,1.992984653043095e-05,,True
p4_monkey_shape__ship_texture_23,4,monkey,7,ship,8,4308,2191,/kaggle/working/beyond-iid/inductive-bias-representations/data/generated/cue_conflicts/p4_monkey_shape__ship_texture_23.png,0.15265630185604095,5.9789541410282254e-05,,True
p4_monkey_shape__ship_texture_24,4,monkey,7,ship,8,6084,3412,/kaggle/working/beyond-iid/inductive-bias-representations/data/generated/cue_conflicts/p4_monkey_shape__ship_texture_24.png,0.1955828219652176,0.0,,True
p4_monkey_shape__ship_texture_25,4,monkey,7,ship,8,6190,667,/kaggle/working/beyond-iid/inductive-bias-representations/data/generated/cue_conflicts/p4_monkey_shape__ship_texture_25.png,0.20807547867298126,0.0017936861841008067,,True
p4_monkey_shape__ship_texture_26,4,monkey,7,ship,8,1711,5451,/kaggle/working/beyond-iid/inductive-bias-representations/data/generated/cue_conflicts/p4_monkey_shape__ship_texture_26.png,0.22038663923740387,0.0012622236972674727,,True
p4_monkey_shape__ship_texture_27,4,monkey,7,ship,8,2746,6434,/kaggle/working/beyond-iid/inductive-bias-representations/data/generated/cue_conflicts/p4_monkey_shape__ship_texture_27.png,0.19969335198402405,0.0005646789795719087,,True
p4_monkey_shape__ship_texture_28,4,monkey,7,ship,8,1473,5525,/kaggle/working/beyond-iid/inductive-bias-representations/data/generated/cue_conflicts/p4_monkey_shape__ship_texture_28.png,0.23161070048809052,0.004690157249569893,,True
p4_monkey_shape__ship_texture_29,4,monkey,7,ship,8,2668,3157,/kaggle/working/beyond-iid/inductive-bias-representations/data/generated/cue_conflicts/p4_monkey_shape__ship_texture_29.png,0.2829858660697937,0.03494366630911827,,True
p4_ship_shape__monkey_texture_00,4,ship,8,monkey,7,151,7270,/kaggle/working/beyond-iid/inductive-bias-representations/data/generated/cue_conflicts/p4_ship_shape__monkey_texture_00.png,0.2802123427391052,0.004617081023752689,,True
p4_ship_shape__monkey_texture_01,4,ship,8,monkey,7,706,4172,/kaggle/working/beyond-iid/inductive-bias-representations/data/generated/cue_conflicts/p4_ship_shape__monkey_texture_01.png,0.2654987573623657,0.0034545068629086018,,True
p4_ship_shape__monkey_texture_02,4,ship,8,monkey,7,1783,6190,/kaggle/working/beyond-iid/inductive-bias-representations/data/generated/cue_conflicts/p4_ship_shape__monkey_texture_02.png,0.2110712230205536,0.00023915816564112902,,True
p4_ship_shape__monkey_texture_03,4,ship,8,monkey,7,716,3542,/kaggle/working/beyond-iid/inductive-bias-representations/data/generated/cue_conflicts/p4_ship_shape__monkey_texture_03.png,0.1548992395401001,7.307610212592408e-05,,True
p4_ship_shape__monkey_texture_04,4,ship,8,monkey,7,5451,1440,/kaggle/working/beyond-iid/inductive-bias-representations/data/generated/cue_conflicts/p4_ship_shape__monkey_texture_04.png,0.15099260210990906,0.00012622236681636423,,True
p4_ship_shape__monkey_texture_05,4,ship,8,monkey,7,2109,6726,/kaggle/working/beyond-iid/inductive-bias-representations/data/generated/cue_conflicts/p4_ship_shape__monkey_texture_05.png,0.18956580758094788,0.007799213286489248,,True
p4_ship_shape__monkey_texture_06,4,ship,8,monkey,7,1129,1956,/kaggle/working/beyond-iid/inductive-bias-representations/data/generated/cue_conflicts/p4_ship_shape__monkey_texture_06.png,0.2711154818534851,0.0002458014350850135,,True
p4_ship_shape__monkey_texture_07,4,ship,8,monkey,7,4311,2854,/kaggle/working/beyond-iid/inductive-bias-representations/data/generated/cue_conflicts/p4_ship_shape__monkey_texture_07.png,0.214616060256958,0.00013950893480796367,,True
p4_ship_shape__monkey_texture_08,4,ship,8,monkey,7,739,4704,/kaggle/working/beyond-iid/inductive-bias-representations/data/generated/cue_conflicts/p4_ship_shape__monkey_texture_08.png,0.24877041578292847,0.009187659248709679,,True
p4_ship_shape__monkey_texture_09,4,ship,8,monkey,7,3157,1771,/kaggle/working/beyond-iid/inductive-bias-representations/data/generated/cue_conflicts/p4_ship_shape__monkey_texture_09.png,0.20370805263519287,0.0,,True
p4_ship_shape__monkey_texture_10,4,ship,8,monkey,7,2191,2668,/kaggle/working/beyond-iid/inductive-bias-representations/data/generated/cue_conflicts/p4_ship_shape__monkey_texture_10.png,0.15260452032089233,1.3286564353620633e-05,,True
p4_ship_shape__monkey_texture_11,4,ship,8,monkey,7,6434,1473,/kaggle/working/beyond-iid/inductive-bias-representations/data/generated/cue_conflicts/p4_ship_shape__monkey_texture_11.png,0.2233014553785324,0.0025377338752150536,,True
p4_ship_shape__monkey_texture_12,4,ship,8,monkey,7,7476,6772,/kaggle/working/beyond-iid/inductive-bias-representations/data/generated/cue_conflicts/p4_ship_shape__monkey_texture_12.png,0.203299880027771,0.013465933501720428,,True
p4_ship_shape__monkey_texture_13,4,ship,8,monkey,7,4355,1703,/kaggle/working/beyond-iid/inductive-bias-representations/data/generated/cue_conflicts/p4_ship_shape__monkey_texture_13.png,0.20400243997573853,0.0016741071594879031,,True
p4_ship_shape__monkey_texture_14,4,ship,8,monkey,7,7138,2746,/kaggle/working/beyond-iid/inductive-bias-representations/data/generated/cue_conflicts/p4_ship_shape__monkey_texture_14.png,0.204309344291687,0.016123246401548386,,True
p4_ship_shape__monkey_texture_15,4,ship,8,monkey,7,4242,5436,/kaggle/working/beyond-iid/inductive-bias-representations/data/generated/cue_conflicts/p4_ship_shape__monkey_texture_15.png,0.2238856554031372,0.001933195162564516,,True
p4_ship_shape__monkey_texture_16,4,ship,8,monkey,7,4170,3288,/kaggle/working/beyond-iid/inductive-bias-representations/data/generated/cue_conflicts/p4_ship_shape__monkey_texture_16.png,0.20544371008872986,0.009712479077279568,,True
p4_ship_shape__monkey_texture_17,4,ship,8,monkey,7,5000,2501,/kaggle/working/beyond-iid/inductive-bias-representations/data/generated/cue_conflicts/p4_ship_shape__monkey_texture_17.png,0.24340075254440308,0.019331950694322586,,True
p4_ship_shape__monkey_texture_18,4,ship,8,monkey,7,2342,1220,/kaggle/working/beyond-iid/inductive-bias-representations/data/generated/cue_conflicts/p4_ship_shape__monkey_texture_18.png,0.19186854362487793,0.00039859695243649185,,True
p4_ship_shape__monkey_texture_19,4,ship,8,monkey,7,7818,4236,/kaggle/working/beyond-iid/inductive-bias-representations/data/generated/cue_conflicts/p4_ship_shape__monkey_texture_19.png,0.2454078197479248,0.002159066731110215,,True
p4_ship_shape__monkey_texture_20,4,ship,8,monkey,7,1247,3153,/kaggle/working/beyond-iid/inductive-bias-representations/data/generated/cue_conflicts/p4_ship_shape__monkey_texture_20.png,0.19837114214897156,0.0001926551922224462,,True
p4_ship_shape__monkey_texture_21,4,ship,8,monkey,7,5694,4308,/kaggle/working/beyond-iid/inductive-bias-representations/data/generated/cue_conflicts/p4_ship_shape__monkey_texture_21.png,0.23442119359970093,0.09753002971410751,,True
p4_ship_shape__monkey_texture_22,4,ship,8,monkey,7,667,1579,/kaggle/working/beyond-iid/inductive-bias-representations/data/generated/cue_conflicts/p4_ship_shape__monkey_texture_22.png,0.2240067571401596,0.011878188699483871,,True
p4_ship_shape__monkey_texture_23,4,ship,8,monkey,7,962,5719,/kaggle/working/beyond-iid/inductive-bias-representations/data/generated/cue_conflicts/p4_ship_shape__monkey_texture_23.png,0.23479317128658295,0.047818347811698914,,True
p4_ship_shape__monkey_texture_24,4,ship,8,monkey,7,7810,1048,/kaggle/working/beyond-iid/inductive-bias-representations/data/generated/cue_conflicts/p4_ship_shape__monkey_texture_24.png,0.16564129292964935,0.001973054837435484,,True
p4_ship_shape__monkey_texture_25,4,ship,8,monkey,7,4662,7081,/kaggle/working/beyond-iid/inductive-bias-representations/data/generated/cue_conflicts/p4_ship_shape__monkey_texture_25.png,0.2512171268463135,0.014575361274182796,,True
p4_ship_shape__monkey_texture_26,4,ship,8,monkey,7,2230,1032,/kaggle/working/beyond-iid/inductive-bias-representations/data/generated/cue_conflicts/p4_ship_shape__monkey_texture_26.png,0.23018334805965424,0.0018667622935026884,,True
p4_ship_shape__monkey_texture_27,4,ship,8,monkey,7,7999,370,/kaggle/working/beyond-iid/inductive-bias-representations/data/generated/cue_conflicts/p4_ship_shape__monkey_texture_27.png,0.15210022032260895,0.0,,True
p4_ship_shape__monkey_texture_28,4,ship,8,monkey,7,194,1884,/kaggle/working/beyond-iid/inductive-bias-representations/data/generated/cue_conflicts/p4_ship_shape__monkey_texture_28.png,0.22345103323459625,0.001959768356755376,,True
p4_ship_shape__monkey_texture_29,4,ship,8,monkey,7,4552,5848,/kaggle/working/beyond-iid/inductive-bias-representations/data/generated/cue_conflicts/p4_ship_shape__monkey_texture_29.png,0.19069987535476685,0.13184258341789246,,True
